condition_id,repetition,mode_key,threads,prompt_bytes,requests,p50_us,p95_us,p99_us,throughput_rps
inline-0000,11,evidence:none,8,2048,1000,256.0,368.7610499999996,729.5635099999998,30919.14868329105
inline-0001,3,evidence:data,1,2048,1000,3087.75,4420.57885,5123.194579999993,283.8563882332071
inline-0002,8,policy_only,4,16384,1000,8.958,11.752099999999999,18.129589999999997,306583.88901663217
inline-0003,16,policy_only,4,128,1000,0.167,0.583,0.8344099999999997,2229445.6260506264
inline-0004,6,evidence:data,1,2048,1000,3852.8955,4106.58155,4980.4320800000005,280.8963646702313
inline-0005,16,evidence:data,4,128,1000,13980.833,27965.0003,46995.73457999999,275.0402424236821
inline-0006,5,evidence:none,8,128,1000,20.8335,53.956899999998406,3515.0480899999993,44336.31310304313
inline-0007,18,evidence:full,8,128,1000,28632.708,63162.56249999998,95738.30008,266.328911253278
inline-0008,12,evidence:full,1,16384,1000,3932.958,4952.47855,5065.44834,267.9635865589887
inline-0009,17,evidence:full,8,16384,1000,28854.229,33956.98605,51006.328089999995,274.6224610552739
inline-0010,13,evidence:none,4,128,1000,31.625,40.629149999999996,53.13707999999999,31828.88789865682
inline-0011,7,evidence:full,8,16384,1000,27962.937,32157.658299999996,50932.60815999998,285.5362708184431
inline-0012,15,evidence:full,8,2048,1000,27935.646,47985.0934,71072.77499999992,276.5305227271708
inline-0013,10,policy_only,1,2048,1000,0.958,1.125,1.25,665022.7304769277
inline-0014,5,evidence:none,4,16384,1000,237.2705,296.63125,354.56059,15957.542468884907
inline-0015,6,evidence:none,1,16384,1000,77.7705,89.41905,96.21425,12652.035237385771
inline-0016,17,policy_only,8,128,1000,0.208,0.875,16.056579999999986,1834862.385321101
inline-0017,9,policy_only,1,2048,1000,0.667,0.833,0.9186599999999985,990466.7574594527
inline-0018,2,evidence:full,8,16384,1000,28947.208,35026.6944,41431.99249999994,279.831269646838
inline-0019,17,evidence:none,4,2048,1000,149.333,204.64999999999998,260.4584199999999,25136.785589302024
inline-0020,0,evidence:full,8,128,1000,26027.2085,65892.89135,141162.6124999998,274.78806772429357
inline-0021,15,evidence:none,8,128,1000,28.459,39.506249999999994,4259.648749999996,33133.74778571305
inline-0022,12,policy_only,1,2048,1000,0.875,0.917,1.0,875880.6980418811
inline-0023,6,evidence:data,1,16384,1000,3346.333,4909.2393,5177.16417,278.70359628669263
inline-0024,16,evidence:data,4,2048,1000,13096.3125,16160.72645,26906.85375,282.47894005027337
inline-0025,4,evidence:none,4,2048,1000,157.625,218.88959999999997,279.7809199999998,24212.659986361494
inline-0026,6,evidence:full,1,2048,1000,3661.875,4091.5098,4918.28607,282.79693236027623
inline-0027,18,policy_only,4,128,1000,0.209,0.708,1.042,1917699.98734318
inline-0028,18,evidence:full,1,16384,1000,3871.313,4928.383650000001,5295.344999999999,274.05339848691983
inline-0029,18,evidence:data,8,2048,1000,27997.5625,37963.039549999994,59341.535749999995,280.4713643820509
inline-0030,2,evidence:data,1,2048,1000,3875.9165,4090.35065,6032.06158,278.16229534948684
inline-0031,16,evidence:full,4,16384,1000,14958.4165,17047.89375,24087.92832999999,270.58481597746515
inline-0032,11,evidence:full,8,128,1000,27305.875,59034.6146,87103.27183999994,279.2633748426355
inline-0033,18,policy_only,1,2048,1000,1.125,1.25,1.4168399999999992,628288.6986570329
inline-0034,18,evidence:data,1,128,1000,3802.7085,4457.7851,5148.64166,273.52507390320636
inline-0035,14,evidence:none,1,16384,1000,89.229,113.6292,145.28666999999996,10847.717560494548
inline-0036,6,evidence:none,4,128,1000,21.958,30.20805,265.1708399999997,42124.700825109154
inline-0037,7,evidence:data,1,2048,1000,3823.5,4114.2729500000005,4976.39,282.001206048658
inline-0038,11,policy_only,8,2048,1000,1.0,2.8770499999999983,23.769999999999982,1168053.7304716017
inline-0039,19,policy_only,4,16384,1000,5.875,6.208,6.54241,576493.4784175254
inline-0040,3,evidence:none,8,16384,1000,465.6875,537.06045,592.7989200000001,16782.829581039485
inline-0041,5,policy_only,4,16384,1000,5.833,6.125,7.377499999999999,573655.0084671479
inline-0042,7,evidence:none,1,16384,1000,77.688,95.9181,102.7995,12414.91253470651
inline-0043,15,evidence:data,8,2048,1000,28018.4375,40799.670549999995,58042.47766999999,276.18230078141477
inline-0044,19,evidence:none,4,128,1000,30.6455,39.9601,70.0788299999992,32037.33451555369
inline-0045,13,evidence:full,8,128,1000,28042.542,56952.4875,129797.06716999998,273.8383937926861
inline-0046,19,evidence:data,1,128,1000,3885.625,4131.15835,6001.521579999999,276.7725743841862
inline-0047,19,evidence:full,4,128,1000,13098.292,28016.56075,53037.94157999998,274.52889673885477
inline-0048,7,evidence:full,8,128,1000,26759.9375,58050.92149999999,112964.05782999998,281.7762149063775
inline-0049,13,evidence:none,8,16384,1000,471.4375,593.8875,647.78834,16150.79441154734
inline-0050,18,evidence:none,8,16384,1000,447.625,496.88545,573.16009,17825.921074700538
inline-0051,13,policy_only,1,16384,1000,4.959,5.75,6.87541,187961.09205394483
inline-0052,16,evidence:full,8,2048,1000,28128.4795,33004.76635,59045.40208999999,272.9379063533667
inline-0053,17,policy_only,1,2048,1000,1.125,1.291,1.292,616237.8678169773
inline-0054,8,policy_only,1,128,1000,0.125,0.375,0.417,1708794.1381525884
inline-0055,3,evidence:data,4,128,1000,13923.292,26946.6479,40031.15908,285.64341219730096
inline-0056,4,evidence:none,1,16384,1000,82.5415,107.96634999999999,115.37541,11566.443434308385
inline-0057,13,policy_only,4,16384,1000,5.75,6.083,6.542829999999999,578703.7037037037
inline-0058,6,evidence:data,8,128,1000,26998.875,53035.52465,71887.91134,284.0310097751195
inline-0059,0,evidence:full,1,128,1000,3921.854,4171.8503,6054.960509999999,272.7209226437243
inline-0060,17,evidence:full,4,128,1000,12979.563,27965.805599999996,52853.48875,284.1958207047593
inline-0061,15,evidence:none,4,16384,1000,239.5,324.041,355.07532999999995,15707.207351048435
inline-0062,14,evidence:full,1,128,1000,3779.771,4866.441949999999,7980.1307400000005,270.4196893540676
inline-0063,0,evidence:none,1,2048,1000,35.0,45.29729999999999,52.42199999999999,26950.81812577273
inline-0064,8,evidence:none,8,128,1000,24.708,34.08814999999999,4737.017829999998,37838.59726871167
inline-0065,14,evidence:none,8,16384,1000,466.417,569.50625,1451.6328299999998,15733.722480736023
inline-0066,1,evidence:none,8,2048,1000,256.6455,281.29615,480.92699,30667.516524884606
inline-0067,12,evidence:data,4,16384,1000,14024.0205,16983.79585,21882.31607,277.38292449462347
inline-0068,14,evidence:data,1,128,1000,3893.9375,4081.95385,4872.8613399999995,277.39728117376774
inline-0069,19,evidence:full,8,2048,1000,26993.958,34976.90835,55844.503,283.2349547920914
inline-0070,10,policy_only,8,128,1000,0.292,1.083,17.87799999999996,1063500.5546155393
inline-0071,18,evidence:full,4,2048,1000,13314.813,16203.5146,26990.37032999999,287.3389238800828
inline-0072,4,evidence:data,4,128,1000,13054.333,27988.17915,45962.59249999999,280.82811718508003
inline-0073,14,evidence:full,1,16384,1000,3945.5205,4896.1065499999995,5025.742919999999,265.754332044757
inline-0074,7,evidence:none,8,128,1000,23.8955,30.046149999999997,507.96558999997086,40058.753372396226
inline-0075,8,evidence:full,8,128,1000,27938.375,56911.7024,106978.60657999999,273.8330604130498
inline-0076,12,evidence:none,1,128,1000,24.584,29.917,35.46134,38570.451030897515
inline-0077,1,evidence:full,8,16384,1000,28966.9165,32894.55,35899.1575,272.4273024549189
inline-0078,7,policy_only,4,16384,1000,7.959,10.377099999999999,16.46966999999999,395315.51119237044
inline-0079,13,evidence:data,1,2048,1000,3946.0,4155.9181,4972.84158,267.37862764576056
inline-0080,9,evidence:full,4,128,1000,14052.75,27017.58095,38508.32774,275.67458492373135
inline-0081,5,evidence:data,8,16384,1000,27996.313,32692.72709999999,52083.5305,280.28332580130285
inline-0082,9,policy_only,4,2048,1000,1.291,1.667,4.544749999999996,1362862.010221465
inline-0083,19,policy_only,1,2048,1000,1.0,1.167,1.209,687245.5473360989
inline-0084,7,policy_only,8,2048,1000,1.0,5.25,16.90749999999997,1230452.7204694424
inline-0085,12,evidence:full,1,2048,1000,3974.167,4300.5993499999995,5966.91283,256.2275464598193
inline-0086,6,evidence:none,8,128,1000,28.25,38.842299999999994,3932.9833299999946,33690.924311856135
inline-0087,18,evidence:none,1,16384,1000,82.375,93.17115,102.12541999999999,11976.43028937906
inline-0088,3,evidence:data,8,2048,1000,26941.438,35070.800299999995,59054.49476,288.86361442030886
inline-0089,5,evidence:full,4,128,1000,13047.271,28564.25204999998,50005.52240999998,279.2990979306103
inline-0090,5,evidence:none,1,16384,1000,79.209,93.25625,135.58990999999983,11912.041580267636
inline-0091,10,evidence:data,1,2048,1000,3887.125,4059.1646,4408.34491,281.5282489375118
inline-0092,0,evidence:full,1,16384,1000,3852.0415,4094.3351,5911.868579999999,279.16830089347286
inline-0093,12,evidence:none,8,128,1000,24.2705,47.87705,3243.550739999996,38646.03612438227
inline-0094,3,evidence:none,1,128,1000,23.708,29.96315,34.15832999999997,40028.01961372961
inline-0095,6,evidence:full,8,128,1000,26994.312,53058.35625,103025.94808999996,280.0988603998041
inline-0096,9,evidence:full,1,16384,1000,3936.7085,4973.85625,6029.650659999999,265.1277562197347
inline-0097,13,evidence:full,4,2048,1000,14059.8335,17162.224349999997,27905.974670000003,276.62788307876485
inline-0098,2,policy_only,1,128,1000,0.125,0.458,0.5,1419446.4158978
inline-0099,10,evidence:full,8,16384,1000,30986.625,34056.37435,51034.378159999986,259.20073227151386
inline-0100,8,evidence:full,8,16384,1000,32167.375,38038.56635,63890.02601,236.22699656557626
inline-0101,16,evidence:none,8,2048,1000,292.292,375.62055,548.3450899999999,26873.713941623253
inline-0102,5,evidence:data,1,2048,1000,4002.312,4837.209799999999,6060.038749999983,242.2972077310212
inline-0103,2,policy_only,4,16384,1000,5.916,10.0,15.633749999999992,398525.4558134901
inline-0104,10,evidence:none,4,16384,1000,203.333,247.9274,325.36274,18952.09148174558
inline-0105,5,evidence:none,1,2048,1000,25.709,29.6691,48.46466999999999,36688.1032808263
inline-0106,7,policy_only,1,2048,1000,0.75,0.875,0.958,928038.933089321
inline-0107,12,policy_only,8,2048,1000,1.042,1.7940499999999981,16.102169999999983,684814.244136278
inline-0108,11,evidence:none,8,16384,1000,410.8955,447.46105,537.0934199999998,19090.420862073006
inline-0109,15,evidence:full,4,16384,1000,16044.5005,19552.781249999996,27985.963419999996,240.2427677384468
inline-0110,5,evidence:none,4,2048,1000,128.4795,148.5104,228.57142,30337.08229895259
inline-0111,3,evidence:full,1,128,1000,4001.667,4911.25865,6641.1782499999945,242.71144361095648
inline-0112,7,evidence:full,4,128,1000,15995.729,32815.2247,56042.06292,236.8268236820487
inline-0113,8,evidence:data,8,16384,1000,37883.6875,61273.51184999992,117107.95549999987,199.42472611348134
inline-0114,9,policy_only,1,128,1000,0.125,0.41904999999999815,0.5,1467170.5908589403
inline-0115,2,evidence:none,8,16384,1000,475.2295,605.0020999999999,744.8009199999997,15911.869627814687
inline-0116,3,policy_only,4,16384,1000,5.792,6.16605,7.25041,573791.9384527815
inline-0117,14,evidence:full,8,128,1000,31963.7705,73051.16844999981,229970.83925,243.30509777105988
inline-0118,3,evidence:none,8,2048,1000,302.437,405.7208499999999,493.39333999999985,24953.653579207337
inline-0119,16,evidence:full,4,2048,1000,16015.5,23932.1958,29855.108,241.2742392656954
inline-0120,3,policy_only,1,16384,1000,4.959,5.667,5.875829999999999,192250.68258604853
inline-0121,3,evidence:data,8,128,1000,31967.021,63423.318749999984,172981.45216999998,239.17971165271297
inline-0122,9,evidence:data,8,128,1000,28924.333,87998.72705,172884.20992,240.26817536237363
inline-0123,11,policy_only,4,2048,1000,1.417,2.5410500000000003,5.065749999999978,900258.5542567825
inline-0124,13,policy_only,8,128,1000,0.333,0.9160499999999999,22.259829999999955,675751.9260619272
inline-0125,7,evidence:full,4,16384,1000,16012.771,21837.410399999993,32364.604589999995,240.61448851846225
inline-0126,2,evidence:none,4,2048,1000,143.688,188.48574999999994,229.3811599999999,26872.87116473742
inline-0127,5,evidence:none,8,2048,1000,275.625,299.67289999999997,473.7219999999999,29363.904995317043
inline-0128,1,policy_only,8,128,1000,0.167,0.583,12.630919999999957,5888102.500088322
inline-0129,14,policy_only,1,128,1000,0.084,0.292,0.292,2106553.6992136235
inline-0130,2,policy_only,8,16384,1000,6.0,11.215249999999994,41.75357999999996,684599.5229710524
inline-0131,17,evidence:full,4,16384,1000,16011.938,18024.31425,27995.245239999997,244.27987377203942
inline-0132,3,evidence:full,8,16384,1000,32041.9585,37239.58924999996,47025.26166999998,242.99961396473827
inline-0133,17,evidence:data,1,16384,1000,4835.25,7564.163149999996,9893.509079999994,182.8006049155723
inline-0134,14,evidence:none,4,128,1000,20.625,27.21634999999999,333.76333,46477.13106708983
inline-0135,0,evidence:data,4,128,1000,15998.396,29044.65414999997,51950.69199,242.71416817561558
inline-0136,2,policy_only,1,2048,1000,1.125,1.25,1.3754099999999996,623830.3181534623
inline-0137,7,policy_only,8,128,1000,0.375,2.0020499999999983,30.802409999999988,1057407.7226715619
inline-0138,1,policy_only,4,128,1000,0.167,0.5,0.7504199999999996,2083876.009377442
inline-0139,5,policy_only,1,16384,1000,5.667,5.875,5.959,173262.69066909372
inline-0140,14,evidence:data,4,128,1000,18675.6665,32764.88544999999,93295.84607999997,192.33336296767322
inline-0141,16,evidence:none,8,16384,1000,480.4375,660.87915,712.35009,15538.647124891115
inline-0142,16,evidence:none,4,2048,1000,124.7295,147.31489999999997,226.89415999999997,31217.765705798407
inline-0143,1,evidence:data,8,128,1000,31991.9585,61065.960399999996,115983.10449,246.39696544830127
inline-0144,9,evidence:data,1,16384,1000,4017.1455,5036.2582999999995,6095.669079999999,236.8620491661287
inline-0145,16,evidence:data,8,2048,1000,32031.2915,60017.14825,62985.81325,244.69128738932514
inline-0146,19,evidence:data,8,16384,1000,32048.9795,36853.32675,55028.26283,242.68432400790698
inline-0147,8,evidence:data,4,128,1000,15957.3755,29042.883349999996,89141.48291999992,244.0789596664679
inline-0148,17,evidence:none,1,128,1000,26.625,33.2521,36.544909999999994,36045.18306951984
inline-0149,4,evidence:none,4,128,1000,26.375,32.08305,603.3045799999888,36657.17233684085
inline-0150,12,evidence:data,1,16384,1000,4893.5,6819.611049999998,9031.17217,193.71132801770904
inline-0151,6,evidence:none,8,16384,1000,486.979,540.9601,558.64125,16256.186840548477
inline-0152,18,evidence:full,1,128,1000,4001.542,4881.15595,6286.82042,242.1229607534116
inline-0153,14,evidence:full,8,2048,1000,32045.792,39998.650299999994,62983.91425,242.4413431492755
inline-0154,6,evidence:full,8,16384,1000,32093.1045,40607.17529999999,60969.849,240.42841456410923
inline-0155,15,evidence:data,1,2048,1000,4070.5835,6999.841699999985,9954.69042,222.1834471126508
inline-0156,5,policy_only,8,128,1000,0.209,0.7520499999999981,18.217169999999992,1416597.1353572728
inline-0157,15,evidence:data,4,16384,1000,16031.521,18077.689599999998,27964.14875,241.20166427942345
inline-0158,19,policy_only,8,128,1000,0.3125,0.917,28.47024999999999,697350.069735007
inline-0159,1,evidence:data,1,16384,1000,4024.4165,5018.32085,5771.817319999999,235.32990390562944
inline-0160,6,evidence:data,4,16384,1000,16181.8125,25038.691,30519.286999999997,225.07446801469638
inline-0161,3,evidence:full,8,128,1000,40065.3955,79070.80559999999,155596.69133999996,179.09419708111048
inline-0162,6,evidence:data,1,128,1000,4010.708,4890.016349999999,6858.321249999995,241.04423496160422
inline-0163,7,evidence:none,1,128,1000,26.4795,34.21104999999999,40.04324,36003.81683663048
inline-0164,14,evidence:data,8,16384,1000,32095.083,41133.14375,62050.7895,240.06271880512006
inline-0165,7,evidence:full,1,2048,1000,4002.729,4776.106249999998,6051.545919999999,242.67638318637307
inline-0166,0,evidence:data,4,2048,1000,16011.8125,27390.67079999998,32971.78467,244.32595470692976
inline-0167,9,evidence:none,4,2048,1000,145.5415,193.97979999999998,244.39416999999997,26656.892472759988
inline-0168,18,policy_only,4,2048,1000,0.834,1.125,3.0410100000000004,1993687.9838431526
inline-0169,0,policy_only,8,16384,1000,5.959,11.666049999999998,38.70925,645525.699991931
inline-0170,19,policy_only,8,16384,1000,6.041,11.208,44.18850999999998,668263.3706135192
inline-0171,7,evidence:data,8,16384,1000,32102.2915,39037.136049999994,46929.04892999998,240.68875496044993
inline-0172,8,policy_only,8,16384,1000,8.708,38.125,44.70225999999997,478364.0714140155
inline-0173,18,evidence:data,1,2048,1000,3999.25,4811.0172999999995,7773.83208,242.47343026100725
inline-0174,16,evidence:data,1,2048,1000,4004.5625,5124.378849999999,7018.613419999999,239.93380945998427
inline-0175,13,evidence:full,8,2048,1000,32036.896,39828.93365,61038.2245,243.21911687315242
inline-0176,8,evidence:data,8,2048,1000,32025.1045,38969.105899999995,61989.863419999994,245.1650589903772
inline-0177,10,evidence:none,8,128,1000,31.0,42.5021,3426.5170899999994,31376.93736115313
inline-0178,6,evidence:none,4,16384,1000,230.125,270.5042,301.29823999999996,16802.58078231371
inline-0179,19,evidence:none,8,2048,1000,260.354,368.75625,567.51417,29536.752950906226
inline-0180,6,policy_only,1,16384,1000,5.084,5.833,6.792829999999999,185361.10660580645
inline-0181,15,evidence:data,4,2048,1000,16115.0415,31070.008349999986,45595.590509999995,205.17177519595316
inline-0182,8,evidence:none,1,2048,1000,34.375,47.917,57.390419999999985,26763.49126853141
inline-0183,0,policy_only,4,128,1000,0.167,0.5,0.7504099999999996,2701789.935832489
inline-0184,0,evidence:data,1,16384,1000,4023.4375,5072.1295,6427.937079999999,233.20581896456105
inline-0185,10,evidence:none,8,2048,1000,295.812,407.39795,515.02042,25632.700271427228
inline-0186,6,policy_only,8,16384,1000,5.958,11.5,40.001749999999966,660066.00660066
inline-0187,18,evidence:data,8,128,1000,32012.75,61261.783349999976,90829.39351000001,241.51419014039968
inline-0188,19,evidence:full,4,2048,1000,16011.4375,27913.3809,32963.21699,242.25244873317413
inline-0189,1,evidence:data,8,16384,1000,33083.021,61123.12289999998,70418.74991999999,213.92288197762292
inline-0190,1,evidence:full,1,128,1000,4066.5625,6141.736849999999,9076.67649,202.95204917893466
inline-0191,14,policy_only,4,2048,1000,0.792,1.083,2.958,2070037.653984926
inline-0192,11,evidence:none,4,128,1000,23.833,30.087199999999996,172.897829999999,40944.73087785872
inline-0193,7,evidence:none,8,2048,1000,258.9795,299.60175,477.17075,30025.934600752054
inline-0194,4,evidence:full,1,128,1000,3996.8955,4259.6628,5832.47625,245.1015736044072
inline-0195,0,evidence:full,4,2048,1000,16019.3545,27956.7003,29514.79726,242.90257648281016
inline-0196,8,policy_only,4,128,1000,0.209,0.709,1.2914199999999996,1838093.3824962042
inline-0197,3,evidence:full,4,16384,1000,16010.146,19041.326800000003,27991.642669999997,242.61534732786922
inline-0198,6,evidence:none,4,2048,1000,126.667,139.625,221.10758999999996,33560.47285095344
inline-0199,17,evidence:data,4,16384,1000,16028.5415,19061.316649999997,28754.065,240.23040738602802
inline-0200,8,policy_only,4,2048,1000,1.208,1.542,4.458,1354096.1408259987
inline-0201,3,evidence:none,4,2048,1000,141.271,187.25384999999994,252.77291999999997,27512.744453485742
inline-0202,4,evidence:data,4,2048,1000,16559.896,29868.899699999994,42069.13333,225.75507808822098
inline-0203,4,policy_only,8,128,1000,0.25,1.3330499999999998,29.141249999999985,1011250.1580078371
inline-0204,11,evidence:full,1,128,1000,4949.8545,7814.882999999999,11923.014249999997,184.54436625360546
inline-0205,19,evidence:none,1,16384,1000,80.0,103.12915,108.80116,11981.374952636128
inline-0206,18,evidence:none,8,2048,1000,253.083,470.57919999999984,709.8688299999999,30901.353547268347
inline-0207,7,policy_only,4,128,1000,0.166,0.459,0.7508299999999992,2788754.6258467357
inline-0208,12,evidence:none,4,128,1000,20.209,25.958,30.83441,47212.86856607814
inline-0209,12,evidence:none,8,16384,1000,445.708,491.025,520.98133,17950.716093556548
inline-0210,14,evidence:none,1,2048,1000,27.7705,32.543099999999995,35.25208,34653.23701258186
inline-0211,11,evidence:data,4,128,1000,15976.2295,30107.629149999993,75935.88966999999,241.84770926268345
inline-0212,4,policy_only,4,128,1000,0.209,0.75,1.1678299999999993,1684684.3659606155
inline-0213,11,evidence:data,4,2048,1000,16020.5835,23149.721149999987,30033.34782999999,240.60439581699998
inline-0214,3,policy_only,8,128,1000,0.458,2.042,18.639169999999986,1212121.2121212122
inline-0215,7,evidence:full,4,2048,1000,16016.75,23522.05654999999,31712.085589999988,240.62756871132737
inline-0216,1,policy_only,1,16384,1000,6.583,6.75,6.91601,151931.42058764945
inline-0217,16,policy_only,4,2048,1000,0.875,1.125,3.25041,1826347.250708166
inline-0218,1,policy_only,4,2048,1000,0.833,1.083,3.04241,2014776.3698968233
inline-0219,5,evidence:none,8,16384,1000,462.708,568.4118499999998,3737.1329100000003,14927.480582669126
inline-0220,0,evidence:data,8,16384,1000,33161.4585,51243.55239999998,75817.20449999998,223.6075497024866
inline-0221,14,evidence:none,4,16384,1000,249.8125,342.9622,372.21508,15040.091318621657
inline-0222,9,evidence:none,8,128,1000,23.792,31.46105,3593.032829999999,40229.307050186064
inline-0223,4,policy_only,4,16384,1000,5.875,6.166,6.41741,572055.2170577713
inline-0224,9,evidence:data,1,128,1000,4002.833,4668.53925,5990.428579999999,243.1834439217259
inline-0225,5,evidence:full,8,128,1000,32079.5,70435.86009999998,99731.55907999999,238.26659386999555
inline-0226,15,policy_only,1,16384,1000,7.625,7.875,9.41741,129886.28974877653
inline-0227,6,policy_only,4,128,1000,0.167,0.584,0.8758299999999992,2335995.589640327
inline-0228,10,evidence:data,8,16384,1000,39954.6045,62548.22294999999,119050.7574099998,190.48285436465002
inline-0229,0,evidence:none,4,128,1000,28.3125,37.962199999999996,54.23407999999846,32931.97488936915
inline-0230,11,policy_only,4,128,1000,0.1665,0.5,0.7512499999999989,2597679.233372905
inline-0231,9,evidence:none,4,16384,1000,229.042,264.3917,279.93282999999997,17063.220460357497
inline-0232,12,evidence:full,1,128,1000,3772.3535,4142.01875,6054.94783,280.1203457959727
inline-0233,17,evidence:full,4,2048,1000,13972.9165,20944.72465,29075.24574999999,279.2568272769173
inline-0234,5,policy_only,8,2048,1000,1.5,2.58305,27.296159999999997,924570.7449174034
inline-0235,5,evidence:data,4,2048,1000,13956.2085,17165.695799999998,27944.25625,285.3208282920709
inline-0236,0,evidence:none,8,16384,1000,473.3545,619.03545,726.96483,15873.141850332146
inline-0237,6,evidence:full,4,2048,1000,13111.25,17960.489899999997,27374.662169999996,284.3384902074629
inline-0238,14,policy_only,4,16384,1000,7.917,8.833,9.335239999999997,417820.0240246514
inline-0239,2,evidence:none,4,16384,1000,232.063,287.16249999999997,331.00541999999996,16408.887420986284
inline-0240,9,evidence:none,1,2048,1000,26.417,30.833,33.208839999999995,36235.16622882507
inline-0241,3,policy_only,4,128,1000,0.166,0.5,0.792,2805379.595913123
inline-0242,5,evidence:full,8,16384,1000,29013.813,33652.8104,52894.59665999999,276.3481749344744
inline-0243,7,policy_only,8,16384,1000,8.875,14.33305,25.559909999999984,587414.6413099347
inline-0244,2,policy_only,4,2048,1000,1.042,1.333,2.587579999999996,1639454.4551355091
inline-0245,8,evidence:none,1,16384,1000,79.1875,102.91605,106.95925,11992.996090283275
inline-0246,18,evidence:none,4,16384,1000,223.166,255.58605,281.42740999999995,17658.159989357075
inline-0247,2,evidence:data,1,128,1000,3871.7915,4277.2705,4702.00717,277.38504039615066
inline-0248,16,evidence:data,1,16384,1000,3919.2915,4914.7973,5223.696169999999,271.3725531632007
inline-0249,1,evidence:none,8,16384,1000,488.646,664.2205,720.38375,15267.253423857153
inline-0250,0,policy_only,4,16384,1000,5.875,6.208,10.797829999999994,565424.0906849774
inline-0251,14,policy_only,1,16384,1000,4.958,5.79105,6.917,187843.41297956658
inline-0252,13,evidence:full,8,16384,1000,29958.7085,35501.22769999999,47142.49425999992,275.3664126132656
inline-0253,3,evidence:data,1,16384,1000,3851.3125,4901.527099999999,5040.9655,278.61371240537295
inline-0254,8,evidence:full,8,2048,1000,28991.8125,38089.86009999999,59979.932740000004,269.95272626460894
inline-0255,4,policy_only,1,16384,1000,8.292,8.583,12.724669999999985,120502.50024612635
inline-0256,10,policy_only,1,128,1000,0.125,0.333,0.375,1827595.5969566877
inline-0257,19,evidence:data,1,2048,1000,3859.7085,4090.67115,5004.74092,280.8211149079533
inline-0258,9,evidence:none,1,128,1000,26.792,34.92115,41.66767,35042.58444947469
inline-0259,13,evidence:full,1,2048,1000,3895.2705,4102.3601,5048.434499999999,276.48259758382017
inline-0260,2,evidence:none,8,128,1000,28.271,39.34549999999999,4176.9900899999975,33049.475792349614
inline-0261,5,evidence:data,1,16384,1000,3916.708,4909.2798,5048.4079999999985,272.55636744640236
inline-0262,15,policy_only,4,2048,1000,0.959,1.292,2.4249099999999926,1727861.7710583154
inline-0263,1,policy_only,1,2048,1000,0.792,0.917,1.0834199999999996,849948.4081316264
inline-0264,11,evidence:full,1,2048,1000,3874.7505,4069.42325,4830.691249999999,279.7107701800198
inline-0265,5,evidence:full,1,128,1000,3919.4375,4120.9545,6913.520169999999,271.09648869424547
inline-0266,16,policy_only,1,128,1000,0.125,0.458,0.583,1400234.679332256
inline-0267,19,evidence:none,8,128,1000,25.833,35.709,379.1142499999995,36635.62859576405
inline-0268,16,evidence:none,4,128,1000,23.666,29.625,37.640499999999946,40834.24359668018
inline-0269,3,evidence:data,4,16384,1000,14050.313,16859.7771,18949.83375,278.5421276287611
inline-0270,15,evidence:full,4,2048,1000,14952.9165,24144.0521,30535.74324,264.8931773879331
inline-0271,4,evidence:data,4,16384,1000,14181.833,16957.4348,24805.89666,273.0006891716758
inline-0272,1,evidence:none,1,128,1000,25.542,34.25205,42.843839999999986,36272.13166783795
inline-0273,7,evidence:full,1,16384,1000,3850.7915,4474.457999999999,5026.05084,278.85299495740423
inline-0274,7,policy_only,1,128,1000,0.125,0.458,0.542,1440749.8814983224
inline-0275,5,policy_only,4,2048,1000,1.041,1.417,2.9638399999999945,1611063.495234474
inline-0276,17,evidence:data,8,128,1000,26885.0835,58974.30835,103895.11433999999,281.9660340455861
inline-0277,5,evidence:full,4,16384,1000,14887.2915,19444.80414999999,28309.819579999996,268.8581804559879
inline-0278,7,evidence:data,1,128,1000,3079.354,4066.72885,5286.698659999999,287.9179653169303
inline-0279,19,policy_only,4,2048,1000,1.25,1.667,4.50041,1373626.3736263737
inline-0280,12,evidence:none,1,2048,1000,32.1455,41.25205,47.63499999999999,29463.144964448
inline-0281,9,evidence:none,1,16384,1000,76.7085,87.4652,92.25166,12899.383787406907
inline-0282,14,evidence:none,1,128,1000,24.458,30.791,34.875,38581.23972557473
inline-0283,10,evidence:full,1,16384,1000,3915.625,4932.096149999999,5069.11274,271.0672078613827
inline-0284,15,evidence:full,1,16384,1000,3820.7915,4943.0351,5051.80675,278.0061192621926
inline-0285,4,evidence:data,1,2048,1000,3826.479,4087.4901999999997,5029.48351,280.3504768517146
inline-0286,4,policy_only,8,16384,1000,8.833,30.171149999999997,45.96549999999999,413714.6403268346
inline-0287,17,evidence:data,4,128,1000,14039.4165,26138.708649999957,46138.61124999998,274.7987462467685
inline-0288,10,policy_only,8,16384,1000,9.041,15.379149999999996,29.357169999999975,560865.3928665774
inline-0289,11,evidence:full,8,2048,1000,27021.646,32071.9253,52966.90624999999,285.876483127802
inline-0290,1,evidence:none,4,2048,1000,142.479,189.97674999999998,229.71607,26780.184655800447
inline-0291,12,evidence:full,4,2048,1000,13932.729,17020.660399999997,27165.896759999996,282.2411338151088
inline-0292,18,evidence:none,4,128,1000,28.209,37.5021,130.08857999999952,27218.012880924594
inline-0293,17,policy_only,4,16384,1000,6.25,6.667,7.000829999999999,532339.6326856534
inline-0294,0,evidence:full,4,128,1000,13028.875,27975.15625,51889.82967,280.97655276713687
inline-0295,1,evidence:data,4,128,1000,15986.7915,28016.9872,52039.288929999995,243.85337346554454
inline-0296,4,evidence:full,1,2048,1000,4004.75,4750.190199999997,5924.624579999999,243.447182876392
inline-0297,7,evidence:none,1,2048,1000,22.583,25.33605,31.42033,42089.97785014915
inline-0298,15,evidence:none,1,16384,1000,82.6455,107.44824999999997,157.54309,11444.053598225028
inline-0299,13,evidence:data,8,2048,1000,32063.604,40894.0774,61965.6075,241.37577679489127
inline-0300,2,evidence:none,8,2048,1000,304.5205,409.97145,533.6816699999999,24762.28209191759
inline-0301,15,policy_only,1,2048,1000,0.792,0.917,1.042,872758.7555158354
inline-0302,10,policy_only,4,2048,1000,0.834,1.083,2.000829999999999,1997172.0044417104
inline-0303,9,evidence:data,8,16384,1000,32077.4165,35603.67914999999,59982.71116,243.13988663283786
inline-0304,8,evidence:data,1,128,1000,4040.396,7278.472899999997,10732.08658,217.28191943371118
inline-0305,6,evidence:full,1,16384,1000,3940.1875,4924.6119,5541.806159999998,261.37140679596433
inline-0306,10,evidence:data,4,2048,1000,13988.7085,17039.195849999996,26993.24342,278.28521021912593
inline-0307,15,evidence:data,4,128,1000,13039.7505,25041.973199999957,40037.38158,284.75228404882745
inline-0308,12,evidence:full,8,128,1000,25981.604,58103.55805,149998.74917,283.46480354858863
inline-0309,10,evidence:full,4,2048,1000,13969.271,19971.155949999997,26971.177,280.83726252349476
inline-0310,16,policy_only,8,128,1000,0.375,1.084,28.560329999999983,958045.2810521637
inline-0311,17,evidence:data,8,2048,1000,28084.042,35844.101449999995,59928.424759999994,276.9346144962965
inline-0312,1,evidence:full,8,2048,1000,28074.6665,53052.88509999999,64371.88492,269.92655469580166
inline-0313,19,policy_only,4,128,1000,0.208,0.708,1.0012499999999989,1939551.9247143525
inline-0314,2,evidence:none,1,128,1000,23.3955,29.75205,33.08592,40344.74585331659
inline-0315,19,evidence:data,8,2048,1000,27934.3955,35119.64169999999,58942.24708,280.758234431325
inline-0316,8,evidence:none,8,2048,1000,285.167,379.54725,536.1705899999997,27251.143376222637
inline-0317,16,evidence:full,1,128,1000,3137.292,4106.5205,4975.39408,284.16621588290536
inline-0318,17,evidence:none,8,128,1000,26.208,38.13334999999999,4097.018089999994,34120.56994727076
inline-0319,15,evidence:none,4,2048,1000,118.8125,142.47674999999998,228.00125,32154.340836012863
inline-0320,4,evidence:full,8,16384,1000,29752.583,34644.68784999995,55783.61676,267.8296215222028
inline-0321,8,evidence:full,1,16384,1000,4021.125,5059.9452,8800.21667,219.443007016553
inline-0322,4,policy_only,4,2048,1000,0.917,1.167,3.3344099999999997,1707332.4808053146
inline-0323,12,policy_only,8,128,1000,0.167,0.5860499999999982,12.428329999999951,7281518.050883248
inline-0324,17,policy_only,8,16384,1000,6.042,11.045199999999998,17.25125,811825.3731149415
inline-0325,7,evidence:data,4,16384,1000,16260.167,34359.91815,39943.7925,202.94165450263986
inline-0326,19,evidence:full,1,16384,1000,4019.042,5041.38545,7956.219079999999,234.70300432460823
inline-0327,4,policy_only,1,2048,1000,1.125,1.333,1.4584199999999996,618509.1332151156
inline-0328,0,evidence:data,1,2048,1000,4001.166,4889.706249999998,6966.9529199999915,241.66111324393825
inline-0329,13,policy_only,4,2048,1000,1.333,1.7110499999999982,3.375,1311618.1827005432
inline-0330,9,policy_only,4,128,1000,0.167,0.5,0.5844099999999997,2032689.7160129198
inline-0331,12,evidence:full,4,16384,1000,20100.3125,37171.21105,42629.6705,173.68778679075507
inline-0332,5,evidence:full,4,2048,1000,16004.75,18490.837199999998,28236.94625,245.64401512957156
inline-0333,4,evidence:none,1,128,1000,23.875,33.31069999999998,69.33282999999996,38245.975318648256
inline-0334,19,policy_only,1,128,1000,0.084,0.333,0.334,1994017.9461615155
inline-0335,6,evidence:data,8,2048,1000,32020.6245,37281.20894999992,60999.042409999995,245.7583214711362
inline-0336,7,policy_only,1,16384,1000,7.75,8.5,8.583,124308.53378084405
inline-0337,10,evidence:none,1,2048,1000,30.6875,37.33604999999999,40.551579999999994,31117.749564351507
inline-0338,1,evidence:none,1,16384,1000,78.291,95.917,101.16726,12416.711030540453
inline-0339,12,evidence:full,4,128,1000,15999.396,28104.02915,40993.75058999998,243.4967224692237
inline-0340,4,evidence:data,1,128,1000,4005.5835,4978.2455,7293.107579999995,240.0916957820384
inline-0341,14,evidence:full,1,2048,1000,4094.833,5985.37055,7470.632589999999,219.06819998341655
inline-0342,14,evidence:data,1,16384,1000,4018.1455,5026.647599999999,5816.045839999998,237.08705362434978
inline-0343,10,evidence:full,1,128,1000,4002.6455,4288.8183999999965,5796.350329999999,245.34169219937044
inline-0344,6,evidence:full,1,128,1000,4001.9165,4597.335099999999,8125.59259,240.9659409093252
inline-0345,13,policy_only,1,128,1000,0.125,0.458,0.5004199999999996,1367755.1718242434
inline-0346,3,policy_only,1,128,1000,0.125,0.333,0.45940999999999965,1867560.1074220573
inline-0347,9,evidence:full,8,2048,1000,32097.1665,60117.537200000006,91074.43333999999,236.14337952996428
inline-0348,19,evidence:full,4,16384,1000,16084.4585,22062.0747,30749.361419999997,229.16454570105358
inline-0349,14,evidence:data,8,128,1000,31978.375,62004.281899999994,91997.95999999998,244.88991777842315
inline-0350,10,evidence:data,1,16384,1000,4001.5415,4753.1965,5488.7555,243.8483760551624
inline-0351,18,evidence:full,8,2048,1000,32005.6665,59946.183,62091.27632999999,245.785649147742
inline-0352,9,policy_only,1,16384,1000,5.541,5.833,7.04241,181842.97858798926
inline-0353,2,evidence:data,8,2048,1000,33851.7495,74715.53299999998,206197.53532999998,188.22654563125315
inline-0354,17,evidence:none,1,2048,1000,27.6875,36.668099999999995,45.3775,34353.93137802207
inline-0355,2,evidence:full,1,16384,1000,4023.3335,5101.373249999999,8032.49259,231.59339598795606
inline-0356,8,evidence:full,1,2048,1000,4008.9795,4969.4795,6460.497409999999,241.29898482500846
inline-0357,2,evidence:full,4,128,1000,15946.4585,30125.531599999973,76150.18132999988,243.32195296282498
inline-0358,12,evidence:data,8,2048,1000,32843.104,59983.0931,121264.76834,201.72167769554355
inline-0359,13,evidence:data,8,16384,1000,32135.458,38754.308349999985,60072.936989999995,240.6502152423174
inline-0360,4,evidence:full,8,128,1000,33054.75,87946.86424999996,190441.537,202.7385740468234
inline-0361,12,evidence:full,8,16384,1000,32043.812,36879.49375,60822.60791,241.1617290852913
inline-0362,4,evidence:none,8,128,1000,28.5,376.5204999999961,4561.242919999993,32839.374409917495
inline-0363,16,evidence:data,8,128,1000,31957.229,61933.31425,122916.95990999999,245.59873002979378
inline-0364,2,evidence:data,4,2048,1000,16009.063,27932.32645,30355.54925,243.96246765564206
inline-0365,9,evidence:data,4,128,1000,15963.792,28105.816649999997,40060.827829999995,242.71629879834427
inline-0366,6,evidence:full,4,16384,1000,16033.625,19026.8018,29622.545169999998,241.6040309444597
inline-0367,11,evidence:full,4,2048,1000,16013.4795,19142.616999999962,28956.664589999997,244.51075392979632
inline-0368,13,evidence:none,4,2048,1000,148.083,205.5,252.95324999999997,25807.06232454585
inline-0369,7,evidence:none,4,16384,1000,228.521,295.69104999999996,448.75791,16276.008553042495
inline-0370,15,policy_only,8,2048,1000,1.041,2.125,17.25042,1159308.7273920306
inline-0371,16,policy_only,4,16384,1000,5.833,6.167,7.625829999999999,572368.8917507334
inline-0372,3,evidence:full,1,16384,1000,4432.354,8895.823199999999,11018.49366,198.84663483513165
inline-0373,1,evidence:full,1,2048,1000,4002.6875,4538.817299999999,5991.96917,244.7483430231242
inline-0374,0,evidence:none,1,128,1000,16.0,49.67529999999999,57.67408,48201.677360530135
inline-0375,9,evidence:none,4,128,1000,19.875,60.75205,526.244159999998,46638.347551111314
inline-0376,18,policy_only,8,16384,1000,6.542,10.754199999999997,22.305169999999986,778513.0400934216
inline-0377,0,evidence:none,1,16384,1000,73.667,82.12915,89.29325,13081.057808111529
inline-0378,10,evidence:data,8,128,1000,31962.5835,63927.65594999999,144144.09749999997,244.6606608514284
inline-0379,5,evidence:none,1,128,1000,26.709,34.5021,41.797419999999995,35659.840778810925
inline-0380,0,evidence:none,4,16384,1000,230.5415,282.05655,358.44758999999965,16741.608804318315
inline-0381,9,evidence:data,8,2048,1000,32035.3545,44867.653849999995,62035.74157999999,244.3206519207955
inline-0382,19,evidence:data,8,128,1000,31991.6665,62930.5604,98216.33924999998,243.69459529201492
inline-0383,2,evidence:data,4,16384,1000,16855.771,25640.652099999996,41970.781419999985,195.51243246450704
inline-0384,13,policy_only,8,2048,1000,1.334,6.793099999999998,34.596749999999986,932691.3929372877
inline-0385,11,evidence:none,1,16384,1000,79.0625,102.375,107.16991,12060.186408512427
inline-0386,4,policy_only,8,2048,1000,0.833,2.169049999999998,20.18282999999999,1514004.542013626
inline-0387,8,evidence:none,1,128,1000,18.166,22.2941,26.12792,51444.96032307435
inline-0388,12,evidence:none,8,2048,1000,257.2085,282.4295,490.3775,30682.96443460885
inline-0389,0,policy_only,1,16384,1000,4.917,5.083,5.12541,200697.42354682522
inline-0390,0,policy_only,1,128,1000,0.125,0.292,0.33301,2116025.9340138473
inline-0391,17,evidence:none,4,128,1000,21.292,26.16905,30.016659999999984,44525.16560133529
inline-0392,13,evidence:none,8,2048,1000,264.2705,331.52709999999996,567.4243399999999,30161.32599564573
inline-0393,6,evidence:data,4,128,1000,16002.083,29096.134799999996,55089.07207999992,242.12343707051463
inline-0394,10,evidence:full,8,128,1000,32029.0,60967.1274,90033.3225,242.2766176720241
inline-0395,13,policy_only,1,2048,1000,1.125,1.292,1.375,621809.7274670146
inline-0396,5,policy_only,4,128,1000,0.167,0.542,0.8334199999999996,2239641.6573348264
inline-0397,13,evidence:data,8,128,1000,32009.1665,60993.47885,90195.84575,245.16491876337835
inline-0398,6,evidence:none,8,2048,1000,303.75,448.17115,538.3529199999999,24253.669125382374
inline-0399,11,evidence:data,8,128,1000,32054.3335,62481.9979,119002.40091999996,240.85863937208393
inline-0400,17,evidence:data,4,2048,1000,16029.979,29848.414599999996,39746.22916999999,229.1688980794529
inline-0401,1,policy_only,8,16384,1000,6.958,12.252049999999997,38.08342,736332.020944228
inline-0402,17,evidence:none,8,16384,1000,466.437,551.4327,604.36542,16598.038204833203
inline-0403,14,evidence:data,1,2048,1000,4022.9375,7101.2521,9462.26209,218.07305523676
inline-0404,6,evidence:data,8,16384,1000,41445.7705,55694.35625,84766.92893,173.31856706284609
inline-0405,2,evidence:data,8,16384,1000,32031.3955,37001.91249999998,59894.53342,244.38137436358127
inline-0406,4,evidence:full,4,2048,1000,16009.3125,21022.164249999998,29946.59708,245.39597525113763
inline-0407,15,policy_only,8,128,1000,0.416,2.254149999999996,38.960089999999994,860430.4389313798
inline-0408,17,evidence:none,4,16384,1000,233.0625,299.95144999999997,316.23508999999996,16191.054442420562
inline-0409,16,evidence:data,1,128,1000,4003.2085,4561.162199999996,8000.3917599999995,242.1412648715383
inline-0410,15,evidence:none,8,2048,1000,256.271,284.6857,479.87958999999995,31722.029750569047
inline-0411,9,evidence:full,1,128,1000,4001.667,4594.16105,6071.588329999994,243.67285658045776
inline-0412,16,evidence:data,4,16384,1000,16027.3335,18056.55625,28126.059159999993,242.94731535624427
inline-0413,12,policy_only,8,16384,1000,8.9375,14.588099999999997,26.633749999999992,571945.9373822149
inline-0414,0,policy_only,8,2048,1000,1.334,2.459,21.728579999999983,907543.9591605219
inline-0415,18,evidence:data,1,16384,1000,4129.542,5790.322899999999,7039.806249999998,219.67407616341862
inline-0416,13,evidence:none,8,128,1000,27.354,39.2101,6431.284499999993,32776.13897082923
inline-0417,4,evidence:data,8,128,1000,32071.167,85419.91874999992,158320.29499999998,209.1346676682823
inline-0418,10,evidence:data,8,2048,1000,32029.667,47862.59614999995,61979.95518,244.61278315128558
inline-0419,2,evidence:none,1,16384,1000,86.979,114.66454999999996,132.62341999999995,10817.345071955628
inline-0420,14,evidence:none,8,2048,1000,272.354,331.11664999999977,619.9729199999998,28453.61677764099
inline-0421,14,evidence:data,4,2048,1000,16011.979,18965.525,29001.270510000002,245.1021617980033
inline-0422,13,evidence:data,1,16384,1000,4035.271,5047.68305,6218.188249999998,232.87754733832898
inline-0423,6,evidence:data,4,2048,1000,16010.25,27936.860399999998,31887.26209,241.54926560752608
inline-0424,14,evidence:full,4,2048,1000,16015.5205,21117.293399999995,29944.42241,242.71203759029282
inline-0425,12,evidence:data,8,128,1000,31961.687,62061.049699999996,116078.32532999999,244.2180138488328
inline-0426,19,evidence:data,4,16384,1000,17514.2505,23901.21315,35191.812079999996,214.70952981001616
inline-0427,14,evidence:none,4,2048,1000,155.4375,248.84759999999986,383.5916699999998,23785.643589684612
inline-0428,4,evidence:data,8,16384,1000,32072.0415,52723.70864999999,71876.5937499999,227.70409715951664
inline-0429,3,evidence:data,1,128,1000,4001.604,4499.383,6071.0535,244.2525517043315
inline-0430,10,evidence:full,4,128,1000,15986.1045,29159.7857,52087.02225999998,242.0284379179056
inline-0431,18,evidence:full,4,16384,1000,16037.2915,19227.99375,29929.33491,238.58437634205427
inline-0432,7,evidence:data,8,2048,1000,32049.354,37990.70035,62102.84759,241.6030556021648
inline-0433,1,evidence:data,1,128,1000,4005.5,4910.955599999999,6475.336490000001,241.5950297137727
inline-0434,2,evidence:full,8,128,1000,32021.958,67887.41875,146115.66416999997,233.61296318332705
inline-0435,13,evidence:full,4,16384,1000,18383.104,30360.39999999995,43005.686169999986,191.68988564878464
inline-0436,8,evidence:full,4,128,1000,14009.771,25090.50805,34031.42416999996,281.7462090549585
inline-0437,19,evidence:data,4,128,1000,14942.3545,27933.591049999995,41951.24258999998,269.2691349042405
inline-0438,17,evidence:data,1,128,1000,3895.7085,4076.0003500000003,4405.835,278.83710060338836
inline-0439,4,evidence:full,4,16384,1000,15963.4795,25416.37529999993,47784.52350999999,235.0236261906921
inline-0440,2,evidence:data,1,16384,1000,4015.125,5099.333,7929.9199100000005,233.10231825208925
inline-0441,4,evidence:data,1,16384,1000,4017.5835,5081.5982,6850.740179999991,234.4736369041126
inline-0442,8,evidence:data,4,2048,1000,16021.7505,27993.74405,48072.118989999995,232.65165105256247
inline-0443,7,policy_only,4,2048,1000,1.209,1.6690499999999981,4.5,1380660.5356134481
inline-0444,14,evidence:data,8,2048,1000,32053.5625,64931.68125,131922.1619099999,211.29191536385392
inline-0445,10,policy_only,4,128,1000,0.25,0.709,1.1674099999999996,1876320.4605240938
inline-0446,11,evidence:data,4,16384,1000,19889.2915,27883.235099999998,36631.73124999999,188.16989366543396
inline-0447,17,evidence:data,8,16384,1000,32073.8125,40119.550349999976,59972.446990000004,239.18296768691994
inline-0448,9,policy_only,8,16384,1000,8.875,14.962149999999996,26.661249999999967,546871.5393285402
inline-0449,3,policy_only,8,2048,1000,1.083,5.5892499999999945,25.813329999999944,860153.6406432918
inline-0450,7,evidence:none,4,2048,1000,138.9585,163.42944999999997,222.36433999999994,28705.661988016935
inline-0451,12,evidence:data,8,16384,1000,32082.0625,40559.93749999999,46794.71967,239.09015199020735
inline-0452,10,evidence:none,1,128,1000,26.667,33.5,39.30308999999999,36215.099146801236
inline-0453,8,evidence:data,4,16384,1000,16062.8545,19195.20625,29317.893829999968,237.14295386330477
inline-0454,8,policy_only,8,128,1000,0.2915,0.7940499999999981,24.722169999999988,1169419.67548604
inline-0455,1,evidence:data,4,2048,1000,16018.292,27824.59965,35013.85634,239.6407401687973
inline-0456,2,evidence:full,8,2048,1000,32094.4795,63105.38749999998,85679.10999999996,226.86273089131672
inline-0457,0,evidence:full,4,16384,1000,19788.167,30766.20175,43395.65601,200.59869350074936
inline-0458,9,evidence:data,4,16384,1000,16032.292,28037.933049999996,33997.41375,237.64760241194512
inline-0459,3,evidence:full,8,2048,1000,32037.5,46789.991349999975,63028.852829999996,243.36313249263782
inline-0460,7,evidence:data,8,128,1000,32005.0835,61902.98155,91050.51374999998,244.9728358808773
inline-0461,19,policy_only,1,16384,1000,7.75,8.333,9.686999999999982,126825.09234452037
inline-0462,13,evidence:none,1,16384,1000,80.667,103.92325,111.04558999999999,11953.941558805454
inline-0463,14,policy_only,8,2048,1000,0.833,2.169099999999998,21.64874999999998,1721170.395869191
inline-0464,13,policy_only,8,16384,1000,6.042,10.055599999999988,40.11966999999985,698242.5932171318
inline-0465,9,evidence:full,4,16384,1000,16031.8755,19094.41315,28960.242259999995,240.24159419280676
inline-0466,15,evidence:full,8,128,1000,32035.208,60174.14195,65245.257079999894,244.34130234458542
inline-0467,10,evidence:none,8,16384,1000,479.375,691.76875,937.8283399999996,15414.71344263516
inline-0468,5,policy_only,8,16384,1000,6.25,10.294049999999997,19.546159999999997,837842.3214264768
inline-0469,10,policy_only,4,16384,1000,5.792,6.125,7.168659999999998,538358.0080753701
inline-0470,14,evidence:full,4,16384,1000,16021.8745,19969.360749999996,28982.24066,241.18181503112856
inline-0471,0,evidence:none,8,2048,1000,258.25,283.96635,497.0125,31789.72192512961
inline-0472,4,evidence:none,4,16384,1000,215.208,264.7625,309.8424999999999,17758.703824883836
inline-0473,16,evidence:full,1,2048,1000,4065.9165,7136.922899999995,12943.219489999996,195.96549023574
inline-0474,8,evidence:none,8,16384,1000,492.7915,675.3672999999999,753.42458,15361.199481104826
inline-0475,16,policy_only,8,16384,1000,6.208,11.338149999999995,38.5855,641659.8971547517
inline-0476,16,policy_only,1,16384,1000,5.542,5.792,5.87542,177197.6091789779
inline-0477,16,evidence:full,8,128,1000,32006.562,62118.39435,122039.91616999995,240.76391984126434
inline-0478,2,evidence:full,1,2048,1000,4004.458,5028.30895,8030.03158,238.24724363728947
inline-0479,1,evidence:none,8,128,1000,22.666,397.4451999999985,3616.375839999996,38652.135113021934
inline-0480,3,policy_only,8,16384,1000,6.375,11.379149999999996,32.01791999999998,757002.271006813
inline-0481,17,evidence:none,1,16384,1000,82.7495,103.34549999999999,128.62833,10648.063392521339
inline-0482,17,evidence:full,1,128,1000,4008.4585,5219.38545,7989.52167,237.17260368860357
inline-0483,11,evidence:full,1,16384,1000,5012.167,9509.093449999995,12618.512169999995,168.62947511272407
inline-0484,13,evidence:none,1,128,1000,29.417,40.54615,47.70842,32142.455362165118
inline-0485,2,policy_only,4,128,1000,0.167,0.542,0.7924099999999996,2550480.3829801343
inline-0486,3,policy_only,1,2048,1000,0.792,0.875,0.9594099999999997,884597.2163494796
inline-0487,16,policy_only,1,2048,1000,0.75,0.834,0.875,952229.5025457856
inline-0488,19,evidence:none,8,16384,1000,460.063,537.10065,561.6699100000001,17089.257808748374
inline-0489,1,policy_only,8,2048,1000,0.875,5.627099999999999,20.752089999999995,1149920.9429351732
inline-0490,2,evidence:none,1,2048,1000,27.125,30.91905,33.29492,35724.385508417305
inline-0491,2,evidence:full,4,2048,1000,16004.3335,27824.42705,29951.496669999997,243.8974644084241
inline-0492,13,evidence:data,4,128,1000,15977.5625,30008.314899999998,54055.72383999998,243.31810708880957
inline-0493,6,evidence:none,1,2048,1000,25.25,30.46315,38.31240999999998,38348.39888531942
inline-0494,0,evidence:none,4,2048,1000,115.729,186.2771,250.00582999999997,33047.24443979286
inline-0495,2,policy_only,8,128,1000,0.333,1.0860499999999982,18.93974999999998,940180.9848395817
inline-0496,11,evidence:data,1,16384,1000,4036.792,5218.47085,6739.11551,231.06279158464977
inline-0497,10,evidence:none,1,16384,1000,82.292,110.58305,128.30474999999998,11762.23235407848
inline-0498,12,evidence:none,1,16384,1000,77.25,91.25205,95.67283,12661.279537008408
inline-0499,16,evidence:full,1,16384,1000,4020.6875,5077.1691,6537.72658,232.9297053172663
inline-0500,13,evidence:none,1,2048,1000,34.417,45.292,50.02999999999997,27462.68768206732
inline-0501,6,evidence:none,1,128,1000,23.5,28.166,39.571999999999974,40750.14164749237
inline-0502,12,policy_only,1,16384,1000,5.667,5.916,6.00042,173733.025849042
inline-0503,9,evidence:full,8,128,1000,31998.7085,62025.7027,101873.41499999994,242.65975969244812
inline-0504,13,evidence:full,1,128,1000,4752.833,7301.270849999996,9304.837919999996,205.72195388138567
inline-0505,15,evidence:none,8,16384,1000,485.4375,681.3371999999999,727.60649,15394.029425687248
inline-0506,16,evidence:full,8,16384,1000,32149.3125,38530.91184999998,59993.852909999994,240.42992480851512
inline-0507,1,evidence:data,1,2048,1000,4006.25,4711.747299999999,5746.591169999999,243.98491038723972
inline-0508,0,evidence:data,8,2048,1000,32039.4585,41546.006599999986,65945.05458,242.62108900111866
inline-0509,0,evidence:full,8,16384,1000,32041.1045,35186.835399999996,60022.49551,244.18009961035614
inline-0510,12,evidence:data,1,2048,1000,4003.938,4815.064899999999,6294.371839999996,242.77856181482304
inline-0511,9,evidence:full,1,2048,1000,4001.3335,4859.579449999999,8057.03726,238.20944392655394
inline-0512,3,evidence:full,4,128,1000,16057.9995,40772.92709999996,89032.98592,194.0273169406408
inline-0513,14,policy_only,4,128,1000,0.209,0.791,1.083,1835424.799892811
inline-0514,15,evidence:full,8,16384,1000,32094.1455,37988.05,60057.44508999999,240.1527732251116
inline-0515,14,policy_only,8,128,1000,0.166,0.542,13.82433999999997,2433581.477524658
inline-0516,6,policy_only,4,16384,1000,5.875,6.166,6.54241,571156.3746191815
inline-0517,4,policy_only,1,128,1000,0.166,0.292,0.33440999999999965,2069322.2969477496
inline-0518,15,evidence:data,8,16384,1000,32831.25,41104.272899999996,61974.64926,237.52399994453813
inline-0519,17,evidence:data,1,2048,1000,4013.917,6135.112499999998,8964.52625,232.1818316950963
inline-0520,18,policy_only,8,2048,1000,1.417,3.044049999999998,24.00333,864335.6111457805
inline-0521,19,evidence:full,1,128,1000,4980.9375,7521.8952,10995.776839999997,181.5124076663399
inline-0522,3,evidence:none,8,128,1000,28.2915,41.04615,2194.5254199999927,32517.858076003533
inline-0523,11,policy_only,1,128,1000,0.084,0.292,0.334,2049180.3278688525
inline-0524,18,evidence:none,8,128,1000,24.4795,29.792,3205.212169999999,38978.94649652357
inline-0525,12,policy_only,4,2048,1000,0.833,1.125,3.042,2016808.0785264394
inline-0526,13,evidence:data,4,16384,1000,16066.0,24956.69404999995,35973.34708,228.798006112503
inline-0527,18,evidence:data,4,16384,1000,16039.771,20037.78715,28971.02642,237.721953330206
inline-0528,14,evidence:full,8,16384,1000,32970.646,38055.49795,48023.658749999995,237.2097725889907
inline-0529,5,policy_only,1,128,1000,0.166,0.459,0.542,1338688.0856760375
inline-0530,12,evidence:data,4,2048,1000,16008.5835,25085.408649999994,29616.918329999997,243.6057697980779
inline-0531,4,evidence:full,8,2048,1000,32041.2295,48999.7458,66046.83341999997,241.57265244243357
inline-0532,18,evidence:none,1,128,1000,18.583,22.33605,25.42308999999999,50683.91609277691
inline-0533,18,evidence:none,4,2048,1000,112.021,149.80865,213.13709,34733.22710754709
inline-0534,10,evidence:full,8,2048,1000,32031.9795,42923.93959999999,62944.124,242.95490995720166
inline-0535,5,policy_only,1,2048,1000,0.75,0.917,1.0004199999999996,872092.769740474
inline-0536,11,policy_only,8,16384,1000,6.083,10.793099999999999,19.55365999999999,839689.7850058274
inline-0537,12,evidence:full,8,2048,1000,32029.1665,43030.51875,61052.25483,244.32724066709645
inline-0538,1,evidence:full,1,16384,1000,4015.687,5023.092,6043.479259999992,234.5639935055826
inline-0539,9,evidence:data,4,2048,1000,16087.125,27873.93365,34954.820089999994,222.01903572917973
inline-0540,1,policy_only,1,128,1000,0.167,0.459,0.5424099999999996,1314708.299096138
inline-0541,12,policy_only,4,128,1000,0.209,0.667,1.0004199999999996,2218317.982572894
inline-0542,3,evidence:full,4,2048,1000,16027.6455,29650.896149999986,39188.02749999999,226.48087205957904
inline-0543,19,evidence:none,4,16384,1000,240.4585,336.69615,384.58948999999996,15500.21119037747
inline-0544,1,evidence:data,4,16384,1000,16013.5,18861.403849999995,28764.98908,243.00973139613862
inline-0545,1,evidence:none,4,128,1000,30.271,41.29615,113.93023999999969,32057.532242584348
inline-0546,13,evidence:none,4,16384,1000,231.1875,274.4715,291.67825,16623.583878448353
inline-0547,4,evidence:none,8,2048,1000,254.3545,312.4642499999999,483.30665999999997,30518.0819788315
inline-0548,8,policy_only,1,16384,1000,5.292,5.583,5.62542,187602.6186323919
inline-0549,19,evidence:none,1,2048,1000,27.292,31.460099999999997,36.37832999999999,35326.22336566142
inline-0550,0,policy_only,4,2048,1000,0.833,1.042,3.04241,1975632.5481511042
inline-0551,18,evidence:full,8,16384,1000,32067.8335,37095.87225,60858.41233,242.0665145924456
inline-0552,11,policy_only,4,16384,1000,8.625,9.083,9.41741,388362.03264027537
inline-0553,19,evidence:full,1,2048,1000,4002.604,4689.308649999998,5831.0912499999995,243.55315801480418
inline-0554,19,policy_only,8,2048,1000,1.5,2.7172999999999923,28.384579999999993,1002589.6891671186
inline-0555,16,evidence:none,8,128,1000,24.8545,29.917,2739.7900899999713,39475.50164184532
inline-0556,17,evidence:full,8,128,1000,31956.187,62935.9729,117946.80166999996,244.7405809607466
inline-0557,0,evidence:data,8,128,1000,32177.271,65072.758649999996,92426.99291999999,229.3296404301834
inline-0558,1,evidence:none,1,2048,1000,37.333,50.92434999999999,55.25332999999999,25885.55586759155
inline-0559,13,evidence:full,1,16384,1000,4014.0625,5155.527099999998,7412.255179999995,233.87230702490413
inline-0560,8,policy_only,1,2048,1000,1.125,1.375,2.542259999999999,596525.2404742376
inline-0561,0,evidence:data,4,16384,1000,16028.8745,19961.770499999995,28933.187919999997,239.80780124153895
inline-0562,6,policy_only,1,128,1000,0.125,0.334,0.375,1947893.8397857316
inline-0563,13,evidence:full,4,128,1000,15978.396,28122.41635,64024.450829999994,242.95570434635303
inline-0564,10,evidence:full,4,16384,1000,16028.604,19006.61075,29756.3925,240.57394928024945
inline-0565,5,evidence:data,1,128,1000,4000.2705,4890.81425,6710.80333,241.89728996655677
inline-0566,3,evidence:data,8,16384,1000,33047.4795,62021.60894999999,73529.46341999997,211.5200891353778
inline-0567,13,evidence:data,1,128,1000,4059.5205,6230.7642499999965,10881.157739999993,196.99399798214162
inline-0568,11,evidence:none,1,128,1000,24.708,31.083,36.29183999999999,37962.7300897344
inline-0569,17,policy_only,4,2048,1000,0.917,1.125,3.333839999999999,1777120.638057394
inline-0570,19,evidence:full,8,128,1000,31943.0005,62031.9247,132873.4552399999,244.1616001862953
inline-0571,10,evidence:full,1,2048,1000,4001.3335,4456.671149999999,5483.932419999997,244.85091280972435
inline-0572,12,policy_only,1,128,1000,0.125,0.458,0.541,1418773.782195524
inline-0573,9,policy_only,8,128,1000,0.209,0.7520499999999981,15.73091999999998,3231894.9246322103
inline-0574,5,evidence:data,8,2048,1000,32013.3125,44904.0583,63044.49657999999,246.08101120215466
inline-0575,4,evidence:full,1,16384,1000,4090.583,6032.300649999998,8940.114339999996,221.30855805330563
inline-0576,8,evidence:full,1,128,1000,3995.4585,4234.174349999999,5210.568,246.00539762558577
inline-0577,17,policy_only,1,16384,1000,5.542,6.875,7.166,179904.65053521632
inline-0578,11,evidence:data,1,2048,1000,3998.8335,4555.018749999999,7820.070169999999,243.9741262394326
inline-0579,15,evidence:data,8,128,1000,35997.541,74644.96875,131196.20116,200.73479807893554
inline-0580,9,evidence:full,8,16384,1000,32135.875,39907.38575,47124.14624999988,239.1056158795778
inline-0581,8,evidence:data,8,128,1000,32023.625,60998.8708,90014.73908,242.35786333750838
inline-0582,15,evidence:none,1,128,1000,16.75,21.460099999999997,25.33608,55168.98951099587
inline-0583,2,evidence:data,8,128,1000,32034.062,62095.6045,90943.87208999998,241.18158474159225
inline-0584,17,policy_only,4,128,1000,0.166,0.541,0.7508299999999992,2676179.593060131
inline-0585,15,evidence:full,1,2048,1000,4003.792,4867.779799999998,6012.539249999999,241.89477873446154
inline-0586,11,policy_only,8,128,1000,0.25,0.917,19.41916999999996,2028056.1284814118
inline-0587,2,evidence:data,4,128,1000,15992.729,28145.831249999996,44047.36508999994,242.95752931248333
inline-0588,9,evidence:none,8,16384,1000,485.0415,660.1375,759.7504200000001,15489.707089638934
inline-0589,17,evidence:none,8,2048,1000,251.1875,272.73715,479.125,31519.019758485512
inline-0590,10,evidence:none,4,2048,1000,125.4375,151.18989999999997,219.09899,30885.88437869183
inline-0591,18,evidence:full,4,128,1000,15995.979,29819.802099999997,63894.83825,243.13527311111702
inline-0592,2,evidence:full,1,128,1000,4186.4585,6739.339249999998,9223.629169999987,189.91322888311484
inline-0593,16,policy_only,8,2048,1000,0.834,3.0062499999999948,23.214259999999996,1726248.1205473586
inline-0594,9,evidence:none,8,2048,1000,214.75,297.0018,466.55458999999996,35071.87542469849
inline-0595,4,evidence:data,8,2048,1000,32044.125,36174.65415,60664.40801,245.35605395821267
inline-0596,19,evidence:none,4,2048,1000,159.791,211.66815,238.65507999999994,23934.205061758865
inline-0597,0,evidence:data,1,128,1000,4004.063,4412.8476,5912.91684,245.28075732843465
inline-0598,10,policy_only,1,16384,1000,7.792,8.542,10.12542,118088.73849107155
inline-0599,0,evidence:none,8,128,1000,27.5,34.17224999999999,3893.622409999998,35238.77121840941
inline-0600,1,policy_only,4,16384,1000,5.875,6.25,12.462589999999997,555928.6454464997
inline-0601,14,evidence:data,4,16384,1000,16023.5415,19165.0827,29016.234169999996,240.33040146778274
inline-0602,8,evidence:data,1,16384,1000,4898.7295,6023.56875,7775.784759999987,209.07995021283685
inline-0603,11,evidence:data,8,2048,1000,32036.063,52910.39855,67089.67816,235.7748371317645
inline-0604,9,evidence:full,4,2048,1000,16008.9585,18944.581249999996,29900.009759999997,244.3205847666604
inline-0605,15,policy_only,4,128,1000,0.291,0.75,1.0844099999999997,1351351.3513513512
inline-0606,6,policy_only,4,2048,1000,0.833,1.042,2.7529099999999973,2133715.6951859104
inline-0607,7,evidence:data,4,2048,1000,16019.0005,19098.667299999997,29050.077169999997,245.22510194111095
inline-0608,6,policy_only,8,2048,1000,1.291,2.544049999999998,30.802499999999952,903308.0949051616
inline-0609,4,evidence:full,4,128,1000,16001.6665,29452.26599999998,52014.07184,242.82559144920646
inline-0610,18,policy_only,8,128,1000,0.375,1.584,26.84674999999999,1100310.9478738692
inline-0611,19,evidence:none,1,128,1000,24.292,30.542,36.88416999999999,38782.8634349889
inline-0612,6,policy_only,8,128,1000,0.25,1.333,14.110089999999975,2002836.0157983706
inline-0613,15,evidence:full,1,128,1000,3999.4165,4754.9607,6287.512409999985,242.75864613745807
inline-0614,15,policy_only,8,16384,1000,8.875,19.30449999999999,38.59258999999999,619850.591213494
inline-0615,15,evidence:full,4,128,1000,15995.3125,28961.01875,52088.967,244.68143860122973
inline-0616,6,evidence:full,4,128,1000,15994.0205,29139.38095,52059.0255,244.6811567382723
inline-0617,15,evidence:data,1,128,1000,4685.2505,5927.009799999999,8979.069169999999,207.07527909729845
inline-0618,12,evidence:data,1,128,1000,4026.5625,6101.068749999995,8880.54125,226.76130322895625
inline-0619,5,evidence:none,4,128,1000,32.0835,42.834,68.58416999999993,30526.117016252778
inline-0620,1,evidence:full,8,128,1000,31975.5625,62003.23155,125007.65391999998,241.55798375524105
inline-0621,10,evidence:data,1,128,1000,4000.5,4487.666949999996,6534.278419999999,243.18975460318651
inline-0622,18,policy_only,4,16384,1000,8.625,9.208,25.424339999999994,345552.53158695693
inline-0623,3,evidence:none,1,2048,1000,29.354,37.6271,55.32258999999989,30649.30522469205
inline-0624,19,evidence:full,8,16384,1000,32111.0415,41742.51874999999,64285.21141999999,236.5122531381185
inline-0625,11,policy_only,1,2048,1000,1.291,1.5,1.5424099999999996,544464.5109864771
inline-0626,4,evidence:none,1,2048,1000,34.375,44.016649999999984,50.00541,27863.399683053827
inline-0627,10,evidence:none,4,128,1000,23.875,29.087199999999996,62.917499999999734,40358.7896398987
inline-0628,8,evidence:data,1,2048,1000,4008.4375,5138.382999999999,7193.964259999999,239.0173494445473
inline-0629,7,evidence:full,1,128,1000,4000.354,4511.387199999997,5850.037079999999,244.58426736202645
inline-0630,2,evidence:none,4,128,1000,32.125,42.1292,56.628569999999954,31141.20818919106
inline-0631,15,evidence:data,1,16384,1000,4008.5625,5030.2524,6217.472499999999,238.09224300819832
inline-0632,9,policy_only,8,2048,1000,0.875,2.792,18.994669999999964,2207505.518763797
inline-0633,11,policy_only,1,16384,1000,4.958,5.667,6.875,192426.40459729772
inline-0634,18,evidence:none,1,2048,1000,22.792,29.0021,33.29699999999999,40249.14219015707
inline-0635,0,policy_only,8,128,1000,0.25,0.95805,15.051989999999991,1286104.1590036293
inline-0636,14,evidence:full,4,128,1000,19845.583,36055.0396,52139.70665999999,206.01713029306927
inline-0637,8,evidence:full,4,16384,1000,16033.292,19116.2402,30644.613419999998,238.69736880319456
inline-0638,13,policy_only,4,128,1000,0.208,0.75,1.1254199999999996,1882944.8504282758
inline-0639,15,policy_only,4,16384,1000,7.333,7.70805,8.127499999999998,462401.017282238
inline-0640,8,evidence:none,4,128,1000,22.875,26.667,32.39874999999998,45086.84989722002
inline-0641,11,evidence:data,1,128,1000,3997.1665,4980.49825,6634.807499999998,241.00323866104893
inline-0642,15,policy_only,1,128,1000,0.084,0.29404999999999815,0.334,2001000.500250125
inline-0643,11,evidence:none,1,2048,1000,34.291,42.66905,48.137089999999986,27839.19180821759
inline-0644,7,evidence:none,8,16384,1000,460.0835,540.69585,575.96816,16907.24264006594
inline-0645,14,policy_only,1,2048,1000,0.667,0.792,0.9178299999999993,994901.1317000373
inline-0646,16,evidence:none,1,128,1000,19.791,22.917,27.54434,48386.6090059576
inline-0647,8,policy_only,8,2048,1000,0.875,3.042,32.39708999999998,1745581.4968361335
inline-0648,5,evidence:full,8,2048,1000,32047.7295,38066.43125,62949.18666,243.14206907488153
inline-0649,15,evidence:none,4,128,1000,30.7295,39.92115,55.71532999999996,32052.866202553985
inline-0650,11,evidence:data,8,16384,1000,32712.3335,39871.2149,61112.04791999999,239.05939211546988
inline-0651,7,evidence:none,4,128,1000,22.5,26.875,49.42699999999999,44547.64649215126
inline-0652,11,evidence:none,4,2048,1000,125.9795,150.2771,237.63398999999995,30741.16928402618
inline-0653,6,policy_only,1,2048,1000,0.75,0.834,1.042,923006.4905816418
inline-0654,18,policy_only,1,128,1000,0.084,0.291,0.333,2245717.4168859986
inline-0655,19,evidence:data,4,2048,1000,16170.854,31911.147599999993,43892.24082999999,215.31003836712708
inline-0656,6,evidence:full,8,2048,1000,32024.708,42069.0375,64973.28792,242.43745893904944
inline-0657,3,evidence:data,4,2048,1000,16012.0625,27984.9619,43340.70883999999,234.74325118287857
inline-0658,1,evidence:full,4,16384,1000,16062.875,26042.337499999998,48922.334589999984,202.87392039588318
inline-0659,12,evidence:none,4,2048,1000,150.1455,193.1702,267.8923199999999,24172.88427495138
inline-0660,7,evidence:data,1,16384,1000,4025.458,5129.254449999999,7047.682,233.38330332802775
inline-0661,7,evidence:data,4,128,1000,15988.9995,32013.26284999996,64034.860329999996,241.20669197343278
inline-0662,3,evidence:none,4,16384,1000,237.25,299.2127999999999,350.52425999999997,15896.661273512374
inline-0663,0,evidence:full,8,2048,1000,32058.9375,58667.53124999999,67042.31024,240.81170397204872
inline-0664,18,evidence:data,4,128,1000,16172.188,36946.51425,88048.53499999999,194.68934674252964
inline-0665,10,policy_only,8,2048,1000,1.292,3.918099999999998,33.37583,1013771.0661627549
inline-0666,18,policy_only,1,16384,1000,6.625,7.166,7.25,145838.15814573198
inline-0667,0,evidence:full,1,2048,1000,3998.3755,4512.9295,6330.6695899999995,244.10574392212746
inline-0668,15,evidence:none,1,2048,1000,34.583,44.170199999999994,48.334669999999996,27426.502185179135
inline-0669,5,evidence:data,8,128,1000,31988.4795,61570.72679999999,93999.76157999992,244.34329738536334
inline-0670,17,policy_only,1,128,1000,0.084,0.291,0.375,2145158.591574675
inline-0671,3,evidence:none,4,128,1000,19.625,94.38089999999995,1623.2380899999991,46685.7047858403
inline-0672,16,evidence:none,4,16384,1000,209.6875,251.542,274.95491,18042.698153436297
inline-0673,12,policy_only,4,16384,1000,6.0,8.339249999999995,12.840239999999994,464378.24165036314
inline-0674,17,evidence:full,1,16384,1000,4024.9585,5035.6667,6368.998419999996,234.70427587009902
inline-0675,12,evidence:none,4,16384,1000,224.271,246.10174999999998,261.92893,17706.414474441393
inline-0676,11,evidence:full,4,128,1000,16003.208,28234.62324999998,49648.99458999998,244.2252879379755
inline-0677,5,evidence:full,1,16384,1000,4176.2915,5840.202049999997,8800.776749999997,219.59254055119374
inline-0678,7,evidence:full,8,2048,1000,39214.938,56806.56039999999,78085.37125,206.8509856902782
inline-0679,9,policy_only,4,16384,1000,8.666,9.042,9.62542,393333.0055558287
inline-0680,8,evidence:full,4,2048,1000,16014.6875,23487.595199999803,29546.54325,243.7261116238762
inline-0681,11,evidence:none,8,128,1000,29.958,38.881249999999994,4558.876249999987,32973.19243184779
inline-0682,2,policy_only,1,16384,1000,5.792,6.125,7.2914200000000005,166487.44293434784
inline-0683,1,evidence:none,4,16384,1000,230.292,275.2521,307.3037499999999,16916.287636096822
inline-0684,2,evidence:full,4,16384,1000,16023.208,19048.9705,28930.425829999996,240.8472572599988
inline-0685,8,evidence:none,4,16384,1000,246.458,307.03749999999985,357.72841999999997,15641.282819810467
inline-0686,4,evidence:none,8,16384,1000,448.979,499.72055,598.7808299999999,17635.142239237706
inline-0687,0,policy_only,1,2048,1000,0.75,0.875,1.042,940880.7019722741
inline-0688,17,evidence:full,1,2048,1000,4000.8545,4925.583949999999,6959.351079999998,242.2584690942587
inline-0689,3,policy_only,4,2048,1000,1.25,1.8791999999999962,4.630659999999958,1174513.9861125466
inline-0690,18,evidence:data,8,16384,1000,32056.9375,35903.29825,48725.921839999995,243.23071936581493
inline-0691,18,evidence:full,1,2048,1000,4001.9585,4613.16605,8016.27575,242.396038807759
inline-0692,9,evidence:data,1,2048,1000,4003.104,4648.355949999999,6031.23325,243.3785148306805
inline-0693,17,policy_only,8,2048,1000,1.5,2.958,24.232499999999902,797262.5194133424
inline-0694,14,policy_only,8,16384,1000,7.583,12.669049999999997,29.70883,665483.4371154753
inline-0695,11,evidence:full,8,16384,1000,32752.7915,36853.5104,46183.35333,239.9588062333405
inline-0696,1,evidence:data,8,2048,1000,33033.458,62940.45654999998,110195.86865999996,201.0205208783431
inline-0697,16,evidence:full,4,128,1000,15985.6875,28246.694049999995,42033.85624999999,242.4325292088772
inline-0698,3,evidence:full,1,2048,1000,4004.9995,4893.6045,6682.6448199999995,239.23891402758233
inline-0699,10,evidence:data,4,128,1000,15975.9375,29104.175299999995,64033.94216999998,245.2281263054635
inline-0700,8,evidence:none,4,2048,1000,150.75,197.97259999999997,243.48565999999985,25285.00946607542
inline-0701,1,evidence:full,4,128,1000,15990.584,29737.779149999995,58946.34800999995,243.14114039273372
inline-0702,16,evidence:none,1,16384,1000,87.375,110.75,125.34065999999999,10906.864917114643
inline-0703,18,evidence:data,4,2048,1000,16106.854,28952.776799999996,41748.89698999998,199.3048876915204
inline-0704,5,evidence:full,1,2048,1000,4002.312,4939.6003,6489.25367,240.741239850829
inline-0705,1,evidence:full,4,2048,1000,16034.25,27895.389600000002,31478.34791,241.60602041265145
inline-0706,16,evidence:none,1,2048,1000,36.791,53.46104999999999,69.55332999999996,25092.030038572473
inline-0707,2,policy_only,8,2048,1000,0.833,2.0461499999999964,12.889999999999985,1630877.0693791413
inline-0708,17,evidence:full,8,2048,1000,32044.8545,41097.28749999999,63765.50525,242.14774392422876
inline-0709,5,evidence:data,4,16384,1000,16035.479,18877.26075,28013.28459,240.56515727985555
inline-0710,11,evidence:full,4,16384,1000,19734.479,29994.675,39701.026079999996,200.15196870476177
inline-0711,10,evidence:data,4,16384,1000,16031.0625,24034.546149999995,35023.93290999999,233.11063657255406
inline-0712,5,evidence:data,4,128,1000,15981.875,28786.624999999993,52022.85926,245.29659370175415
inline-0713,16,evidence:data,8,16384,1000,32064.625,37981.64165,61987.03899,241.4965104250519
inline-0714,12,evidence:data,4,128,1000,15984.3125,29018.27915,75998.63158,241.9635633327155
inline-0715,13,evidence:data,4,2048,1000,16478.125,29169.437499999996,38936.69375,225.90151580213035
inline-0716,3,evidence:none,1,16384,1000,81.5835,112.00415,129.75333,11573.421059864968
inline-0717,14,evidence:none,8,128,1000,23.25,27.63539999999999,476.9659199999994,41603.8275521348
inline-0718,11,evidence:none,4,16384,1000,229.542,272.7521,289.593,16979.274062343786
inline-0719,19,evidence:data,1,16384,1000,4026.5415,5090.219349999999,7847.88708,230.5016338691109
