condition_id,run_id,record_count,repetition,sampled_leaf_index,seal_epoch_ns,build_tree_ns,generate_proof_ns,verify_proof_ns,verify_signature_ns,root_matches,proof_valid,signature_valid
epoch-100,runtimeguard-v2-canonical-20260712-release,100,0,0,312916,100500,416,4041,50791,true,true,true
epoch-100,runtimeguard-v2-canonical-20260712-release,100,1,19,254791,101125,250,4083,50166,true,true,true
epoch-100,runtimeguard-v2-canonical-20260712-release,100,2,38,257041,99916,2333,4083,50750,true,true,true
epoch-100,runtimeguard-v2-canonical-20260712-release,100,3,57,259500,99916,375,4000,51042,true,true,true
epoch-100,runtimeguard-v2-canonical-20260712-release,100,4,76,259792,99666,292,4125,50333,true,true,true
epoch-100,runtimeguard-v2-canonical-20260712-release,100,5,95,253542,40625,83,1625,20750,true,true,true
epoch-100,runtimeguard-v2-canonical-20260712-release,100,6,14,104500,40750,125,1666,20792,true,true,true
epoch-100,runtimeguard-v2-canonical-20260712-release,100,7,33,103208,40667,42,1666,20709,true,true,true
epoch-100,runtimeguard-v2-canonical-20260712-release,100,8,52,103167,40792,83,1667,47750,true,true,true
epoch-100,runtimeguard-v2-canonical-20260712-release,100,9,71,150250,40833,1167,1667,23000,true,true,true
epoch-100,runtimeguard-v2-canonical-20260712-release,100,10,90,103250,40667,125,1667,20708,true,true,true
epoch-100,runtimeguard-v2-canonical-20260712-release,100,11,9,105500,40625,84,1666,20334,true,true,true
epoch-100,runtimeguard-v2-canonical-20260712-release,100,12,28,103208,40667,83,1625,20541,true,true,true
epoch-100,runtimeguard-v2-canonical-20260712-release,100,13,47,248209,49875,83,1750,21916,true,true,true
epoch-100,runtimeguard-v2-canonical-20260712-release,100,14,66,122083,47417,41,1792,22875,true,true,true
epoch-100,runtimeguard-v2-canonical-20260712-release,100,15,85,128125,43667,83,1833,22167,true,true,true
epoch-100,runtimeguard-v2-canonical-20260712-release,100,16,4,111084,99834,125,4000,50084,true,true,true
epoch-100,runtimeguard-v2-canonical-20260712-release,100,17,23,252667,100000,167,4041,50375,true,true,true
epoch-100,runtimeguard-v2-canonical-20260712-release,100,18,42,242750,43875,83,1792,25834,true,true,true
epoch-100,runtimeguard-v2-canonical-20260712-release,100,19,61,115167,46750,84,2125,22459,true,true,true
epoch-100,runtimeguard-v2-canonical-20260712-release,100,20,80,110958,43834,42,1791,21834,true,true,true
epoch-100,runtimeguard-v2-canonical-20260712-release,100,21,99,118750,45875,84,2250,23208,true,true,true
epoch-100,runtimeguard-v2-canonical-20260712-release,100,22,18,112375,50250,83,1833,22959,true,true,true
epoch-100,runtimeguard-v2-canonical-20260712-release,100,23,37,115125,45000,84,1792,21916,true,true,true
epoch-100,runtimeguard-v2-canonical-20260712-release,100,24,56,210500,66375,84,1750,22250,true,true,true
epoch-100,runtimeguard-v2-canonical-20260712-release,100,25,75,111250,43875,83,1750,25250,true,true,true
epoch-100,runtimeguard-v2-canonical-20260712-release,100,26,94,111166,43959,83,1792,27541,true,true,true
epoch-100,runtimeguard-v2-canonical-20260712-release,100,27,13,117083,43750,42,1750,21875,true,true,true
epoch-100,runtimeguard-v2-canonical-20260712-release,100,28,32,111333,43958,83,1750,22292,true,true,true
epoch-100,runtimeguard-v2-canonical-20260712-release,100,29,51,115291,43958,125,1750,22125,true,true,true
epoch-1000,runtimeguard-v2-canonical-20260712-release,1000,0,0,1431375,571125,250,3208,30708,true,true,true
epoch-1000,runtimeguard-v2-canonical-20260712-release,1000,1,919,1378542,571708,292,3209,29792,true,true,true
epoch-1000,runtimeguard-v2-canonical-20260712-release,1000,2,838,1376292,573750,1792,3167,29916,true,true,true
epoch-1000,runtimeguard-v2-canonical-20260712-release,1000,3,757,1299667,514042,167,2833,26333,true,true,true
epoch-1000,runtimeguard-v2-canonical-20260712-release,1000,4,676,1246000,535958,209,3000,27792,true,true,true
epoch-1000,runtimeguard-v2-canonical-20260712-release,1000,5,595,1301584,513042,208,2833,28041,true,true,true
epoch-1000,runtimeguard-v2-canonical-20260712-release,1000,6,514,1222208,510625,167,2875,26334,true,true,true
epoch-1000,runtimeguard-v2-canonical-20260712-release,1000,7,433,1224042,510666,209,2916,26292,true,true,true
epoch-1000,runtimeguard-v2-canonical-20260712-release,1000,8,352,1222667,489584,167,2750,25250,true,true,true
epoch-1000,runtimeguard-v2-canonical-20260712-release,1000,9,271,1176792,493041,125,2750,25250,true,true,true
epoch-1000,runtimeguard-v2-canonical-20260712-release,1000,10,190,1177416,488500,167,2708,25291,true,true,true
epoch-1000,runtimeguard-v2-canonical-20260712-release,1000,11,109,1170875,476292,166,2625,24458,true,true,true
epoch-1000,runtimeguard-v2-canonical-20260712-release,1000,12,28,1158792,481541,125,2625,27167,true,true,true
epoch-1000,runtimeguard-v2-canonical-20260712-release,1000,13,947,1143542,459708,167,2583,23875,true,true,true
epoch-1000,runtimeguard-v2-canonical-20260712-release,1000,14,866,1100167,459125,125,2542,23666,true,true,true
epoch-1000,runtimeguard-v2-canonical-20260712-release,1000,15,785,1102625,451750,166,2584,23500,true,true,true
epoch-1000,runtimeguard-v2-canonical-20260712-release,1000,16,704,1089834,451833,125,2625,23500,true,true,true
epoch-1000,runtimeguard-v2-canonical-20260712-release,1000,17,623,1093125,442875,84,2459,22958,true,true,true
epoch-1000,runtimeguard-v2-canonical-20260712-release,1000,18,542,1061083,438875,125,2459,22625,true,true,true
epoch-1000,runtimeguard-v2-canonical-20260712-release,1000,19,461,1054417,442833,167,2541,22625,true,true,true
epoch-1000,runtimeguard-v2-canonical-20260712-release,1000,20,380,1049792,441292,167,2458,21917,true,true,true
epoch-1000,runtimeguard-v2-canonical-20260712-release,1000,21,299,1035791,437333,125,2375,22417,true,true,true
epoch-1000,runtimeguard-v2-canonical-20260712-release,1000,22,218,1033042,430792,167,2416,22417,true,true,true
epoch-1000,runtimeguard-v2-canonical-20260712-release,1000,23,137,1031459,431542,167,2416,22375,true,true,true
epoch-1000,runtimeguard-v2-canonical-20260712-release,1000,24,56,1032625,430833,125,2500,22291,true,true,true
epoch-1000,runtimeguard-v2-canonical-20260712-release,1000,25,975,1035583,430250,125,2375,22167,true,true,true
epoch-1000,runtimeguard-v2-canonical-20260712-release,1000,26,894,1035042,432084,125,2459,22666,true,true,true
epoch-1000,runtimeguard-v2-canonical-20260712-release,1000,27,813,988959,420125,166,2250,20834,true,true,true
epoch-1000,runtimeguard-v2-canonical-20260712-release,1000,28,732,961833,416000,167,2250,20916,true,true,true
epoch-1000,runtimeguard-v2-canonical-20260712-release,1000,29,651,991167,400416,125,2250,21000,true,true,true
epoch-10000,runtimeguard-v2-canonical-20260712-release,10000,0,0,9377875,4072666,208,3000,21458,true,true,true
epoch-10000,runtimeguard-v2-canonical-20260712-release,10000,1,7919,9636417,4134209,333,3083,20875,true,true,true
epoch-10000,runtimeguard-v2-canonical-20260712-release,10000,2,5838,9599542,3928208,417,3041,22667,true,true,true
epoch-10000,runtimeguard-v2-canonical-20260712-release,10000,3,3757,9427167,4016583,2459,3209,21916,true,true,true
epoch-10000,runtimeguard-v2-canonical-20260712-release,10000,4,1676,9390167,3996666,167,3000,20667,true,true,true
epoch-10000,runtimeguard-v2-canonical-20260712-release,10000,5,9595,9408416,4160209,250,3041,25042,true,true,true
epoch-10000,runtimeguard-v2-canonical-20260712-release,10000,6,7514,9479583,4031292,166,3375,22750,true,true,true
epoch-10000,runtimeguard-v2-canonical-20260712-release,10000,7,5433,9430750,4098625,1584,3000,20292,true,true,true
epoch-10000,runtimeguard-v2-canonical-20260712-release,10000,8,3352,9482208,3925125,333,3084,21666,true,true,true
epoch-10000,runtimeguard-v2-canonical-20260712-release,10000,9,1271,9256333,4066209,167,3083,20375,true,true,true
epoch-10000,runtimeguard-v2-canonical-20260712-release,10000,10,9190,10640833,4059875,583,3042,21041,true,true,true
epoch-10000,runtimeguard-v2-canonical-20260712-release,10000,11,7109,10560833,4119417,583,3084,21750,true,true,true
epoch-10000,runtimeguard-v2-canonical-20260712-release,10000,12,5028,9810500,4216959,291,3125,21125,true,true,true
epoch-10000,runtimeguard-v2-canonical-20260712-release,10000,13,2947,9794417,4207000,375,3167,21458,true,true,true
epoch-10000,runtimeguard-v2-canonical-20260712-release,10000,14,866,9604250,4404209,834,3625,27292,true,true,true
epoch-10000,runtimeguard-v2-canonical-20260712-release,10000,15,8785,9587000,4162791,458,3042,22000,true,true,true
epoch-10000,runtimeguard-v2-canonical-20260712-release,10000,16,6704,9733583,4196166,333,3125,21333,true,true,true
epoch-10000,runtimeguard-v2-canonical-20260712-release,10000,17,4623,9994459,4104583,416,3375,25625,true,true,true
epoch-10000,runtimeguard-v2-canonical-20260712-release,10000,18,2542,9537541,4149750,208,3292,23209,true,true,true
epoch-10000,runtimeguard-v2-canonical-20260712-release,10000,19,461,9595333,4108458,167,3000,20417,true,true,true
epoch-10000,runtimeguard-v2-canonical-20260712-release,10000,20,8380,9617458,3926708,458,3000,21792,true,true,true
epoch-10000,runtimeguard-v2-canonical-20260712-release,10000,21,6299,9157625,4026083,167,3000,20375,true,true,true
epoch-10000,runtimeguard-v2-canonical-20260712-release,10000,22,4218,9479042,4062292,167,3333,23041,true,true,true
epoch-10000,runtimeguard-v2-canonical-20260712-release,10000,23,2137,9497750,4050666,167,3000,20375,true,true,true
epoch-10000,runtimeguard-v2-canonical-20260712-release,10000,24,56,9508709,4191416,250,3417,23167,true,true,true
epoch-10000,runtimeguard-v2-canonical-20260712-release,10000,25,7975,9703250,4097292,333,3000,20583,true,true,true
epoch-10000,runtimeguard-v2-canonical-20260712-release,10000,26,5894,9696250,4133083,458,3459,22334,true,true,true
epoch-10000,runtimeguard-v2-canonical-20260712-release,10000,27,3813,9624958,4103625,333,3375,23583,true,true,true
epoch-10000,runtimeguard-v2-canonical-20260712-release,10000,28,1732,9997333,3959500,542,3041,23542,true,true,true
epoch-10000,runtimeguard-v2-canonical-20260712-release,10000,29,9651,9248917,4103333,459,3083,28000,true,true,true
epoch-100000,runtimeguard-v2-canonical-20260712-release,100000,0,0,95497416,41055750,1000,3625,26167,true,true,true
epoch-100000,runtimeguard-v2-canonical-20260712-release,100000,1,7919,96389375,40756041,1292,4167,29584,true,true,true
epoch-100000,runtimeguard-v2-canonical-20260712-release,100000,2,15838,96574084,41303958,10958,4792,27750,true,true,true
epoch-100000,runtimeguard-v2-canonical-20260712-release,100000,3,23757,96008667,40949750,6833,3958,25000,true,true,true
epoch-100000,runtimeguard-v2-canonical-20260712-release,100000,4,31676,95195875,40725666,1167,3750,25750,true,true,true
epoch-100000,runtimeguard-v2-canonical-20260712-release,100000,5,39595,96720416,41437833,917,4084,23666,true,true,true
epoch-100000,runtimeguard-v2-canonical-20260712-release,100000,6,47514,95281500,40223584,1125,3916,25042,true,true,true
epoch-100000,runtimeguard-v2-canonical-20260712-release,100000,7,55433,95696666,41632583,1083,3958,26292,true,true,true
epoch-100000,runtimeguard-v2-canonical-20260712-release,100000,8,63352,99096208,42341125,875,4458,27000,true,true,true
epoch-100000,runtimeguard-v2-canonical-20260712-release,100000,9,71271,99401541,40819666,834,3791,25250,true,true,true
epoch-100000,runtimeguard-v2-canonical-20260712-release,100000,10,79190,95410708,40888917,1041,3875,25584,true,true,true
epoch-100000,runtimeguard-v2-canonical-20260712-release,100000,11,87109,96703875,41736791,2708,4000,25667,true,true,true
epoch-100000,runtimeguard-v2-canonical-20260712-release,100000,12,95028,98900458,42590125,1000,4417,27833,true,true,true
epoch-100000,runtimeguard-v2-canonical-20260712-release,100000,13,2947,98302625,44144792,1333,4459,27541,true,true,true
epoch-100000,runtimeguard-v2-canonical-20260712-release,100000,14,10866,102691792,43047083,875,3916,26334,true,true,true
epoch-100000,runtimeguard-v2-canonical-20260712-release,100000,15,18785,101556708,41612042,1042,4041,25917,true,true,true
epoch-100000,runtimeguard-v2-canonical-20260712-release,100000,16,26704,97281292,41555792,875,4042,25750,true,true,true
epoch-100000,runtimeguard-v2-canonical-20260712-release,100000,17,34623,105146833,40914833,1083,5625,33250,true,true,true
epoch-100000,runtimeguard-v2-canonical-20260712-release,100000,18,42542,95552750,40790625,1083,4042,25750,true,true,true
epoch-100000,runtimeguard-v2-canonical-20260712-release,100000,19,50461,98502958,42959833,1000,4167,25708,true,true,true
epoch-100000,runtimeguard-v2-canonical-20260712-release,100000,20,58380,96743916,43266625,1042,4791,27167,true,true,true
epoch-100000,runtimeguard-v2-canonical-20260712-release,100000,21,66299,101295916,41200625,958,3792,24625,true,true,true
epoch-100000,runtimeguard-v2-canonical-20260712-release,100000,22,74218,96428166,42420833,917,3916,23625,true,true,true
epoch-100000,runtimeguard-v2-canonical-20260712-release,100000,23,82137,95082334,41480542,1250,3917,26000,true,true,true
epoch-100000,runtimeguard-v2-canonical-20260712-release,100000,24,90056,97552083,41938916,792,3875,25625,true,true,true
epoch-100000,runtimeguard-v2-canonical-20260712-release,100000,25,97975,98049417,41019041,792,3708,25250,true,true,true
epoch-100000,runtimeguard-v2-canonical-20260712-release,100000,26,5894,97382417,41140125,1042,3833,26167,true,true,true
epoch-100000,runtimeguard-v2-canonical-20260712-release,100000,27,13813,97960709,43461250,1375,4000,25458,true,true,true
epoch-100000,runtimeguard-v2-canonical-20260712-release,100000,28,21732,95514417,42481709,916,4000,25042,true,true,true
epoch-100000,runtimeguard-v2-canonical-20260712-release,100000,29,29651,97166000,41516708,1875,3750,28583,true,true,true
