condition_id,run_id,record_count,shards,repetition,open_ns,recover_ns,recovered_count
recovery-1000,runtimeguard-v2-canonical-20260712-release,1000,4,0,6800875,2921208,1000
recovery-1000,runtimeguard-v2-canonical-20260712-release,1000,4,1,6804542,2877625,1000
recovery-1000,runtimeguard-v2-canonical-20260712-release,1000,4,2,6820459,2867583,1000
recovery-1000,runtimeguard-v2-canonical-20260712-release,1000,4,3,6847334,2889292,1000
recovery-1000,runtimeguard-v2-canonical-20260712-release,1000,4,4,7224042,2952083,1000
recovery-1000,runtimeguard-v2-canonical-20260712-release,1000,4,5,7037958,2838333,1000
recovery-1000,runtimeguard-v2-canonical-20260712-release,1000,4,6,6783833,2839417,1000
recovery-1000,runtimeguard-v2-canonical-20260712-release,1000,4,7,6732042,2748625,1000
recovery-1000,runtimeguard-v2-canonical-20260712-release,1000,4,8,6614459,2780167,1000
recovery-1000,runtimeguard-v2-canonical-20260712-release,1000,4,9,6683542,2805083,1000
recovery-1000,runtimeguard-v2-canonical-20260712-release,1000,4,10,6684459,2805167,1000
recovery-1000,runtimeguard-v2-canonical-20260712-release,1000,4,11,6689666,2833958,1000
recovery-1000,runtimeguard-v2-canonical-20260712-release,1000,4,12,6770541,2845375,1000
recovery-1000,runtimeguard-v2-canonical-20260712-release,1000,4,13,6818041,3048125,1000
recovery-1000,runtimeguard-v2-canonical-20260712-release,1000,4,14,6760334,2834292,1000
recovery-1000,runtimeguard-v2-canonical-20260712-release,1000,4,15,6684833,2830792,1000
recovery-1000,runtimeguard-v2-canonical-20260712-release,1000,4,16,6809042,2839833,1000
recovery-1000,runtimeguard-v2-canonical-20260712-release,1000,4,17,6755042,2851333,1000
recovery-1000,runtimeguard-v2-canonical-20260712-release,1000,4,18,6777250,2854541,1000
recovery-1000,runtimeguard-v2-canonical-20260712-release,1000,4,19,6773500,2837583,1000
recovery-1000,runtimeguard-v2-canonical-20260712-release,1000,4,20,6747542,2847334,1000
recovery-1000,runtimeguard-v2-canonical-20260712-release,1000,4,21,6768042,2866084,1000
recovery-1000,runtimeguard-v2-canonical-20260712-release,1000,4,22,6731958,2839375,1000
recovery-1000,runtimeguard-v2-canonical-20260712-release,1000,4,23,6804000,2827000,1000
recovery-1000,runtimeguard-v2-canonical-20260712-release,1000,4,24,6741459,2849041,1000
recovery-1000,runtimeguard-v2-canonical-20260712-release,1000,4,25,6723166,2845959,1000
recovery-1000,runtimeguard-v2-canonical-20260712-release,1000,4,26,6938833,3009167,1000
recovery-1000,runtimeguard-v2-canonical-20260712-release,1000,4,27,6630167,2812542,1000
recovery-1000,runtimeguard-v2-canonical-20260712-release,1000,4,28,6795958,2799042,1000
recovery-1000,runtimeguard-v2-canonical-20260712-release,1000,4,29,6786042,2813500,1000
recovery-10000,runtimeguard-v2-canonical-20260712-release,10000,4,0,66052500,27804709,10000
recovery-10000,runtimeguard-v2-canonical-20260712-release,10000,4,1,64066000,28079000,10000
recovery-10000,runtimeguard-v2-canonical-20260712-release,10000,4,2,63266875,28119958,10000
recovery-10000,runtimeguard-v2-canonical-20260712-release,10000,4,3,67555084,28329458,10000
recovery-10000,runtimeguard-v2-canonical-20260712-release,10000,4,4,64253625,27860417,10000
recovery-10000,runtimeguard-v2-canonical-20260712-release,10000,4,5,62813041,27351584,10000
recovery-10000,runtimeguard-v2-canonical-20260712-release,10000,4,6,62220208,27888375,10000
recovery-10000,runtimeguard-v2-canonical-20260712-release,10000,4,7,62964750,27902625,10000
recovery-10000,runtimeguard-v2-canonical-20260712-release,10000,4,8,68680125,30321834,10000
recovery-10000,runtimeguard-v2-canonical-20260712-release,10000,4,9,63343042,28235666,10000
recovery-10000,runtimeguard-v2-canonical-20260712-release,10000,4,10,63983500,27942166,10000
recovery-10000,runtimeguard-v2-canonical-20260712-release,10000,4,11,66313625,28154209,10000
recovery-10000,runtimeguard-v2-canonical-20260712-release,10000,4,12,66846000,28202708,10000
recovery-10000,runtimeguard-v2-canonical-20260712-release,10000,4,13,63510459,27960500,10000
recovery-10000,runtimeguard-v2-canonical-20260712-release,10000,4,14,63117208,28599167,10000
recovery-10000,runtimeguard-v2-canonical-20260712-release,10000,4,15,66887250,27985291,10000
recovery-10000,runtimeguard-v2-canonical-20260712-release,10000,4,16,73741333,29001083,10000
recovery-10000,runtimeguard-v2-canonical-20260712-release,10000,4,17,65328875,29204625,10000
recovery-10000,runtimeguard-v2-canonical-20260712-release,10000,4,18,67768666,30391000,10000
recovery-10000,runtimeguard-v2-canonical-20260712-release,10000,4,19,72685084,30591292,10000
recovery-10000,runtimeguard-v2-canonical-20260712-release,10000,4,20,70327958,29067542,10000
recovery-10000,runtimeguard-v2-canonical-20260712-release,10000,4,21,68582167,29362458,10000
recovery-10000,runtimeguard-v2-canonical-20260712-release,10000,4,22,67253458,29115625,10000
recovery-10000,runtimeguard-v2-canonical-20260712-release,10000,4,23,65007750,28638584,10000
recovery-10000,runtimeguard-v2-canonical-20260712-release,10000,4,24,63697125,28545042,10000
recovery-10000,runtimeguard-v2-canonical-20260712-release,10000,4,25,72399375,30891750,10000
recovery-10000,runtimeguard-v2-canonical-20260712-release,10000,4,26,71707042,28767000,10000
recovery-10000,runtimeguard-v2-canonical-20260712-release,10000,4,27,68298458,28329875,10000
recovery-10000,runtimeguard-v2-canonical-20260712-release,10000,4,28,63555375,28640709,10000
recovery-10000,runtimeguard-v2-canonical-20260712-release,10000,4,29,68205250,28540167,10000
recovery-100000,runtimeguard-v2-canonical-20260712-release,100000,4,0,681008125,290769042,100000
recovery-100000,runtimeguard-v2-canonical-20260712-release,100000,4,1,647893958,287824375,100000
recovery-100000,runtimeguard-v2-canonical-20260712-release,100000,4,2,673643791,283609583,100000
recovery-100000,runtimeguard-v2-canonical-20260712-release,100000,4,3,647614208,290145125,100000
recovery-100000,runtimeguard-v2-canonical-20260712-release,100000,4,4,645386917,291144500,100000
recovery-100000,runtimeguard-v2-canonical-20260712-release,100000,4,5,653778584,297167209,100000
recovery-100000,runtimeguard-v2-canonical-20260712-release,100000,4,6,664171667,298110417,100000
recovery-100000,runtimeguard-v2-canonical-20260712-release,100000,4,7,647915750,298159833,100000
recovery-100000,runtimeguard-v2-canonical-20260712-release,100000,4,8,647126833,342421500,100000
recovery-100000,runtimeguard-v2-canonical-20260712-release,100000,4,9,657312791,292062750,100000
recovery-100000,runtimeguard-v2-canonical-20260712-release,100000,4,10,654131708,295495709,100000
recovery-100000,runtimeguard-v2-canonical-20260712-release,100000,4,11,654671458,293405000,100000
recovery-100000,runtimeguard-v2-canonical-20260712-release,100000,4,12,666793792,292251834,100000
recovery-100000,runtimeguard-v2-canonical-20260712-release,100000,4,13,672483333,310284000,100000
recovery-100000,runtimeguard-v2-canonical-20260712-release,100000,4,14,674006042,299686375,100000
recovery-100000,runtimeguard-v2-canonical-20260712-release,100000,4,15,675861000,296182875,100000
recovery-100000,runtimeguard-v2-canonical-20260712-release,100000,4,16,653615750,301358500,100000
recovery-100000,runtimeguard-v2-canonical-20260712-release,100000,4,17,669077917,292000834,100000
recovery-100000,runtimeguard-v2-canonical-20260712-release,100000,4,18,661021000,294914750,100000
recovery-100000,runtimeguard-v2-canonical-20260712-release,100000,4,19,664121416,299288417,100000
recovery-100000,runtimeguard-v2-canonical-20260712-release,100000,4,20,686163833,328275209,100000
recovery-100000,runtimeguard-v2-canonical-20260712-release,100000,4,21,675371875,294468666,100000
recovery-100000,runtimeguard-v2-canonical-20260712-release,100000,4,22,675603959,310449000,100000
recovery-100000,runtimeguard-v2-canonical-20260712-release,100000,4,23,690553375,304577167,100000
recovery-100000,runtimeguard-v2-canonical-20260712-release,100000,4,24,660512750,292869959,100000
recovery-100000,runtimeguard-v2-canonical-20260712-release,100000,4,25,661425625,293402375,100000
recovery-100000,runtimeguard-v2-canonical-20260712-release,100000,4,26,682483542,312088583,100000
recovery-100000,runtimeguard-v2-canonical-20260712-release,100000,4,27,671859792,295478709,100000
recovery-100000,runtimeguard-v2-canonical-20260712-release,100000,4,28,675684000,293934583,100000
recovery-100000,runtimeguard-v2-canonical-20260712-release,100000,4,29,688287375,298722958,100000
